order_id,order_date,status,item_id,sku,qty_ordered,price,value,discount_amount,total
100001,2025-05-08,Processing,500001,BKS-8311,1,294.0,294.0,0.0,294.0
100001,2025-05-08,Processing,500002,SPT-5678,5,497.4,2487.0,0.0,2487.0
100002,2025-10-22,Shipped,500003,AUT-4279,3,409.1,1227.3,0.0,1227.3
100003,2025-09-16,Canceled,500004,CLT-3223,2,175.51,351.02,53.69,297.33
100004,2026-02-03,Complete,500005,CLT-8406,1,358.39,358.39,0.0,358.39
100005,2025-11-05,Complete,500006,HME-8292,1,345.03,345.03,0.0,345.03
100005,2025-11-05,Complete,500007,CLT-6236,1,321.32,321.32,0.0,321.32
100006,2026-03-12,Complete,500008,TOY-2063,4,241.0,964.0,0.0,964.0
100006,2026-03-12,Complete,500009,HLT-9882,2,470.68,941.36,0.0,941.36
100007,2025-06-01,Shipped,500010,BKS-5914,3,183.09,549.27,0.0,549.27
100007,2025-06-01,Shipped,500011,HME-3852,1,154.29,154.29,0.0,154.29
100007,2025-06-01,Shipped,500012,TOY-9335,5,89.96,449.8,59.05,390.75
100008,2025-10-23,Processing,500013,SPT-2988,4,330.85,1323.4,0.0,1323.4
100009,2025-06-13,Canceled,500014,SPT-3275,1,281.76,281.76,0.0,281.76
100010,2025-12-07,Complete,500015,SPT-9094,1,151.12,151.12,0.0,151.12
100011,2026-02-11,Complete,500016,ELC-6912,1,238.56,238.56,48.53,190.03
100012,2025-07-31,Shipped,500017,HLT-7044,1,372.0,372.0,0.0,372.0
100012,2025-07-31,Shipped,500018,AUT-3126,2,364.23,728.46,0.0,728.46
100013,2026-01-24,Canceled,500019,GDN-2412,2,282.15,564.3,0.0,564.3
100014,2025-12-15,Complete,500020,CLT-6067,1,456.83,456.83,0.0,456.83
100015,2025-11-17,Complete,500021,FDB-8842,2,473.77,947.54,0.0,947.54
100015,2025-11-17,Complete,500022,HLT-7730,1,450.39,450.39,0.0,450.39
100016,2025-11-08,Complete,500023,FDB-2208,1,329.28,329.28,0.0,329.28
100016,2025-11-08,Complete,500024,HME-6194,1,115.78,115.78,0.0,115.78
100017,2025-10-24,Canceled,500025,CLT-8372,2,116.31,232.62,0.0,232.62
100018,2026-01-12,Complete,500026,AUT-9476,3,436.48,1309.44,177.96,1131.48
100018,2026-01-12,Complete,500027,TOY-3102,1,213.7,213.7,45.57,168.13
100019,2025-07-30,Processing,500028,HLT-3981,2,444.09,888.18,0.0,888.18
100019,2025-07-30,Processing,500029,HME-8088,2,189.6,379.2,0.0,379.2
100019,2025-07-30,Processing,500030,HLT-1907,1,295.26,295.26,0.0,295.26
100020,2025-08-27,Complete,500031,CLT-9488,2,235.09,470.18,0.0,470.18
100021,2025-07-18,Shipped,500032,HME-5982,1,64.17,64.17,0.0,64.17
100021,2025-07-18,Shipped,500033,HME-3653,1,32.51,32.51,0.0,32.51
100021,2025-07-18,Shipped,500034,TOY-4694,5,319.38,1596.9,0.0,1596.9
100022,2025-04-28,Complete,500035,TOY-9501,5,292.66,1463.3,0.0,1463.3
100022,2025-04-28,Complete,500036,BKS-2292,4,312.59,1250.36,0.0,1250.36
100023,2025-08-04,Processing,500037,BKS-4216,1,239.27,239.27,63.06,176.21
100024,2025-10-31,Pending,500038,HLT-5496,1,102.09,102.09,11.09,91.0
100025,2025-07-17,Pending,500039,HME-5961,3,65.18,195.54,46.14,149.4
100025,2025-07-17,Pending,500040,GDN-9740,2,342.25,684.5,0.0,684.5
100025,2025-07-17,Pending,500041,CLT-9234,1,267.73,267.73,39.96,227.77
100025,2025-07-17,Pending,500042,HME-3526,2,210.06,420.12,119.4,300.72
100026,2025-11-07,Canceled,500043,HME-6531,1,436.19,436.19,0.0,436.19
100027,2025-12-31,Complete,500044,GDN-1674,5,80.47,402.35,97.66,304.69
100028,2026-01-21,Pending,500045,ELC-2330,1,496.21,496.21,0.0,496.21
100029,2026-02-20,Complete,500046,ELC-5336,3,175.27,525.81,0.0,525.81
100029,2026-02-20,Complete,500047,SPT-7825,1,493.66,493.66,100.97,392.69
100029,2026-02-20,Complete,500048,GDN-1496,2,447.06,894.12,252.94,641.18
100030,2025-09-25,Complete,500049,AUT-9938,2,493.39,986.78,0.0,986.78
100030,2025-09-25,Complete,500050,BKS-5949,1,76.74,76.74,17.99,58.75
100031,2025-09-03,Complete,500051,AUT-5012,5,432.01,2160.05,0.0,2160.05
100031,2025-09-03,Complete,500052,FDB-5873,3,95.09,285.27,51.83,233.44
100031,2025-09-03,Complete,500053,AUT-2195,5,45.91,229.55,13.49,216.06
100032,2025-03-29,Processing,500054,ELC-3589,4,170.31,681.24,0.0,681.24
100032,2025-03-29,Processing,500055,AUT-7809,2,493.39,986.78,0.0,986.78
100033,2025-11-23,Complete,500056,AUT-8609,5,160.82,804.1,0.0,804.1
100033,2025-11-23,Complete,500057,SPT-6573,1,34.65,34.65,0.0,34.65
100034,2025-08-28,Canceled,500058,GDN-3353,1,229.3,229.3,0.0,229.3
100034,2025-08-28,Canceled,500059,TOY-6231,1,109.42,109.42,0.0,109.42
100034,2025-08-28,Canceled,500060,TOY-7532,1,388.12,388.12,0.0,388.12
100034,2025-08-28,Canceled,500061,HME-7070,1,290.67,290.67,83.46,207.21
100035,2025-06-16,Complete,500062,HLT-2739,1,84.26,84.26,0.0,84.26
100036,2025-11-19,Complete,500063,TOY-4960,4,393.88,1575.52,0.0,1575.52
100036,2025-11-19,Complete,500064,AUT-3007,1,391.19,391.19,0.0,391.19
100037,2025-07-01,Complete,500065,BKS-8366,1,69.92,69.92,0.0,69.92
100037,2025-07-01,Complete,500066,SPT-3308,2,220.24,440.48,0.0,440.48
100037,2025-07-01,Complete,500067,CLT-1829,1,218.12,218.12,0.0,218.12
100038,2025-09-12,Canceled,500068,BKS-7293,4,217.93,871.72,0.0,871.72
100038,2025-09-12,Canceled,500069,GDN-7850,1,241.83,241.83,0.0,241.83
100039,2025-07-25,Shipped,500070,SPT-3616,6,8.3,49.8,0.0,49.8
100039,2025-07-25,Shipped,500071,TOY-6123,3,269.68,809.04,0.0,809.04
100039,2025-07-25,Shipped,500072,SPT-3610,1,366.94,366.94,26.56,340.38
100040,2025-09-05,Complete,500073,AUT-9433,1,475.32,475.32,72.75,402.57
100040,2025-09-05,Complete,500074,AUT-9171,4,446.64,1786.56,94.04,1692.52
100041,2025-08-05,Pending,500075,BKS-9148,3,379.87,1139.61,0.0,1139.61
100041,2025-08-05,Pending,500076,ELC-2475,3,268.32,804.96,0.0,804.96
100042,2026-01-14,Processing,500077,FDB-9281,3,14.84,44.52,5.42,39.1
100043,2026-03-09,Refunded,500078,AUT-4944,1,8.03,8.03,0.0,8.03
100044,2025-08-03,Complete,500079,SPT-6781,1,368.39,368.39,0.0,368.39
100045,2025-12-24,Complete,500080,ELC-1828,1,117.77,117.77,0.0,117.77
100046,2025-03-20,Complete,500081,BKS-9108,4,439.22,1756.88,0.0,1756.88
100047,2025-12-04,Complete,500082,GDN-8710,2,160.16,320.32,77.35,242.97
100048,2025-06-20,Shipped,500083,BKS-9793,1,56.73,56.73,0.0,56.73
100049,2025-04-27,Processing,500084,ELC-2761,1,254.64,254.64,0.0,254.64
100049,2025-04-27,Processing,500085,FDB-3194,1,157.21,157.21,0.0,157.21
100050,2025-07-16,Pending,500086,BKS-6992,1,38.24,38.24,0.0,38.24
100051,2025-10-09,Processing,500087,FDB-6995,3,28.57,85.71,23.19,62.52
100052,2025-11-20,Processing,500088,ELC-7563,2,474.53,949.06,0.0,949.06
100053,2025-12-24,Complete,500089,ELC-4189,4,231.22,924.88,211.55,713.33
100054,2025-07-16,Shipped,500090,TOY-5728,2,263.01,526.02,0.0,526.02
100054,2025-07-16,Shipped,500091,CLT-7329,1,264.9,264.9,0.0,264.9
100054,2025-07-16,Shipped,500092,HLT-8378,3,220.22,660.66,46.12,614.54
100055,2026-03-03,Complete,500093,HLT-5582,3,345.26,1035.78,0.0,1035.78
100055,2026-03-03,Complete,500094,GDN-2946,2,72.08,144.16,0.0,144.16
100056,2025-11-13,Complete,500095,HME-2584,3,498.08,1494.24,0.0,1494.24
100056,2025-11-13,Complete,500096,FDB-7114,2,248.14,496.28,0.0,496.28
100057,2026-02-08,Processing,500097,TOY-6990,2,376.55,753.1,0.0,753.1
100058,2026-03-14,Complete,500098,HME-4261,2,87.44,174.88,37.09,137.79
100058,2026-03-14,Complete,500099,GDN-9341,1,454.0,454.0,0.0,454.0
100059,2025-11-21,Shipped,500100,FDB-9193,1,407.12,407.12,39.49,367.63
100060,2025-10-30,Complete,500101,ELC-1742,1,15.44,15.44,1.3,14.14
100061,2025-03-23,Complete,500102,ELC-3245,2,116.8,233.6,38.27,195.33
100061,2025-03-23,Complete,500103,TOY-8761,1,492.52,492.52,0.0,492.52
100061,2025-03-23,Complete,500104,HLT-8487,2,110.32,220.64,0.0,220.64
100061,2025-03-23,Complete,500105,HME-9446,5,16.82,84.1,0.0,84.1
100062,2025-05-01,Shipped,500106,HME-6373,1,255.28,255.28,22.47,232.81
100062,2025-05-01,Shipped,500107,GDN-6218,2,66.83,133.66,0.0,133.66
100063,2025-08-12,Complete,500108,HME-7438,3,357.28,1071.84,314.14,757.7
100063,2025-08-12,Complete,500109,GDN-5902,1,397.3,397.3,32.28,365.02
100064,2025-07-06,Complete,500110,GDN-6511,1,191.34,191.34,0.0,191.34
100064,2025-07-06,Complete,500111,HLT-9351,1,322.31,322.31,23.38,298.93
100065,2025-10-08,Canceled,500112,HLT-9025,1,386.99,386.99,40.36,346.63
100065,2025-10-08,Canceled,500113,GDN-5911,5,313.82,1569.1,0.0,1569.1
100065,2025-10-08,Canceled,500114,AUT-1272,4,299.39,1197.56,0.0,1197.56
100066,2026-03-04,Complete,500115,TOY-6427,2,29.68,59.36,0.0,59.36
100066,2026-03-04,Complete,500116,CLT-7824,4,59.4,237.6,0.0,237.6
100067,2025-07-17,Shipped,500117,GDN-6040,4,419.03,1676.12,0.0,1676.12
100068,2025-08-18,Complete,500118,ELC-8775,1,29.82,29.82,2.09,27.73
100069,2026-02-17,Complete,500119,BKS-4728,4,63.19,252.76,0.0,252.76
100070,2026-01-06,Complete,500120,ELC-8871,2,225.48,450.96,52.59,398.37
100071,2025-09-19,Complete,500121,HME-9589,4,67.05,268.2,0.0,268.2
100072,2025-11-12,Pending,500122,GDN-7229,4,130.84,523.36,0.0,523.36
100072,2025-11-12,Pending,500123,HME-4968,1,352.71,352.71,96.62,256.09
100072,2025-11-12,Pending,500124,ELC-2800,1,107.5,107.5,15.63,91.87
100073,2025-12-23,Complete,500125,SPT-1310,1,344.75,344.75,101.24,243.51
100073,2025-12-23,Complete,500126,AUT-6139,2,10.59,21.18,0.0,21.18
100073,2025-12-23,Complete,500127,FDB-3481,4,213.9,855.6,0.0,855.6
100074,2025-12-11,Complete,500128,FDB-4340,4,55.87,223.48,0.0,223.48
100075,2025-09-07,Shipped,500129,FDB-9221,1,263.02,263.02,78.55,184.47
100075,2025-09-07,Shipped,500130,GDN-8726,2,313.65,627.3,146.68,480.62
100076,2025-10-18,Complete,500131,ELC-3262,2,352.15,704.3,152.48,551.82
100077,2025-12-21,Complete,500132,HLT-4397,1,212.89,212.89,31.35,181.54
100077,2025-12-21,Complete,500133,HLT-6325,1,449.91,449.91,0.0,449.91
100077,2025-12-21,Complete,500134,AUT-9609,1,258.71,258.71,0.0,258.71
100078,2025-08-31,Complete,500135,FDB-6140,5,311.13,1555.65,361.0,1194.65
100079,2025-09-11,Complete,500136,HME-8531,1,145.65,145.65,0.0,145.65
100080,2026-03-09,Pending,500137,HLT-6608,2,393.66,787.32,0.0,787.32
100081,2025-11-02,Processing,500138,HLT-6804,3,251.87,755.61,128.69,626.92
100081,2025-11-02,Processing,500139,BKS-8932,1,306.84,306.84,42.99,263.85
100082,2025-07-31,Pending,500140,SPT-5038,6,390.3,2341.8,507.41,1834.39
100083,2025-08-18,Processing,500141,BKS-5890,5,416.75,2083.75,0.0,2083.75
100083,2025-08-18,Processing,500142,SPT-5876,1,486.71,486.71,77.16,409.55
100084,2025-07-21,Shipped,500143,BKS-4396,2,182.8,365.6,90.89,274.71
100084,2025-07-21,Shipped,500144,AUT-6194,1,208.41,208.41,0.0,208.41
100084,2025-07-21,Shipped,500145,AUT-6714,1,85.21,85.21,0.0,85.21
100085,2025-07-11,Processing,500146,HLT-5480,1,276.77,276.77,80.87,195.9
100086,2025-05-15,Complete,500147,BKS-2996,2,455.71,911.42,0.0,911.42
100087,2025-06-21,Processing,500148,GDN-9899,2,345.96,691.92,0.0,691.92
100087,2025-06-21,Processing,500149,FDB-7464,1,243.44,243.44,0.0,243.44
100087,2025-06-21,Processing,500150,TOY-3399,1,121.84,121.84,29.57,92.27
100087,2025-06-21,Processing,500151,BKS-1689,5,12.29,61.45,10.75,50.7
100088,2025-08-23,Canceled,500152,BKS-2294,1,49.96,49.96,0.0,49.96
100088,2025-08-23,Canceled,500153,TOY-8247,1,60.54,60.54,17.7,42.84
100089,2025-05-15,Complete,500154,BKS-8849,2,289.62,579.24,0.0,579.24
100090,2025-12-14,Shipped,500155,SPT-4310,6,250.08,1500.48,208.39,1292.09
100091,2026-03-03,Shipped,500156,HLT-5442,1,475.02,475.02,87.45,387.57
100092,2025-06-17,Processing,500157,HLT-5450,3,391.08,1173.24,201.75,971.49
100092,2025-06-17,Processing,500158,HME-2789,3,43.06,129.18,24.49,104.69
100093,2025-06-21,Processing,500159,GDN-4920,1,363.44,363.44,0.0,363.44
100093,2025-06-21,Processing,500160,SPT-1831,3,452.95,1358.85,370.9,987.95
100094,2025-07-03,Canceled,500161,HLT-4697,1,324.29,324.29,0.0,324.29
100095,2025-11-17,Complete,500162,SPT-1860,2,231.63,463.26,66.91,396.35
100096,2025-08-03,Processing,500163,CLT-7771,2,488.77,977.54,0.0,977.54
100097,2026-01-10,Complete,500164,TOY-8739,2,136.47,272.94,16.34,256.6
100097,2026-01-10,Complete,500165,CLT-3252,1,30.73,30.73,0.0,30.73
100097,2026-01-10,Complete,500166,ELC-3587,4,407.7,1630.8,0.0,1630.8
100097,2026-01-10,Complete,500167,FDB-8793,1,437.82,437.82,0.0,437.82
100098,2025-12-08,Pending,500168,AUT-4267,1,427.0,427.0,0.0,427.0
100098,2025-12-08,Pending,500169,BKS-6262,1,183.94,183.94,0.0,183.94
100099,2026-01-14,Processing,500170,BKS-1969,2,340.31,680.62,0.0,680.62
100099,2026-01-14,Processing,500171,CLT-4804,3,216.43,649.29,108.5,540.79
100099,2026-01-14,Processing,500172,HLT-1611,1,63.25,63.25,0.0,63.25
100099,2026-01-14,Processing,500173,HME-7846,2,426.51,853.02,0.0,853.02
100100,2025-08-06,Canceled,500174,HME-1595,1,445.79,445.79,0.0,445.79
100100,2025-08-06,Canceled,500175,FDB-9116,2,10.77,21.54,3.94,17.6
100100,2025-08-06,Canceled,500176,HME-5742,1,74.36,74.36,0.0,74.36
100101,2025-05-05,Complete,500177,ELC-1151,3,325.71,977.13,0.0,977.13
100102,2025-06-22,Complete,500178,BKS-2758,1,168.35,168.35,0.0,168.35
100102,2025-06-22,Complete,500179,TOY-5662,5,447.89,2239.45,0.0,2239.45
100103,2025-08-13,Processing,500180,AUT-9901,1,477.8,477.8,0.0,477.8
100103,2025-08-13,Processing,500181,HLT-9092,1,138.53,138.53,0.0,138.53
100104,2025-07-09,Complete,500182,HME-9261,1,368.13,368.13,0.0,368.13
100104,2025-07-09,Complete,500183,AUT-5470,5,190.07,950.35,0.0,950.35
100105,2025-09-15,Complete,500184,SPT-2845,4,175.3,701.2,0.0,701.2
100106,2025-06-14,Processing,500185,TOY-3662,1,62.22,62.22,0.0,62.22
100106,2025-06-14,Processing,500186,AUT-5215,3,203.71,611.13,0.0,611.13
100107,2025-08-16,Processing,500187,HME-1230,4,231.52,926.08,60.97,865.11
100108,2025-03-22,Complete,500188,TOY-5833,2,418.83,837.66,0.0,837.66
100109,2026-03-12,Refunded,500189,GDN-4164,2,346.8,693.6,0.0,693.6
100110,2025-12-13,Processing,500190,HME-7643,1,242.24,242.24,53.49,188.75
100110,2025-12-13,Processing,500191,FDB-9442,1,214.33,214.33,0.0,214.33
100110,2025-12-13,Processing,500192,TOY-2421,4,443.74,1774.96,214.38,1560.58
100110,2025-12-13,Processing,500193,FDB-2562,5,88.38,441.9,0.0,441.9
100111,2025-05-18,Processing,500194,HME-3303,2,71.45,142.9,10.58,132.32
100111,2025-05-18,Processing,500195,AUT-6301,1,364.84,364.84,0.0,364.84
100111,2025-05-18,Processing,500196,SPT-1111,1,490.89,490.89,139.63,351.26
100112,2025-08-02,Processing,500197,BKS-7284,3,423.1,1269.3,73.39,1195.91
100113,2025-04-07,Complete,500198,SPT-8319,4,57.22,228.88,22.41,206.47
100113,2025-04-07,Complete,500199,BKS-6400,4,456.14,1824.56,383.96,1440.6
100114,2025-04-11,Pending,500200,BKS-1187,3,244.43,733.29,0.0,733.29
100115,2025-12-23,Shipped,500201,BKS-6890,2,287.05,574.1,0.0,574.1
100115,2025-12-23,Shipped,500202,SPT-2017,1,222.44,222.44,0.0,222.44
100115,2025-12-23,Shipped,500203,CLT-8625,1,307.98,307.98,0.0,307.98
100116,2025-08-11,Pending,500204,BKS-3616,4,390.9,1563.6,164.46,1399.14
100116,2025-08-11,Pending,500205,FDB-9233,2,308.0,616.0,0.0,616.0
100116,2025-08-11,Pending,500206,BKS-2923,1,432.1,432.1,121.1,311.0
100117,2026-03-07,Shipped,500207,BKS-7021,1,440.69,440.69,0.0,440.69
100118,2025-05-18,Pending,500208,GDN-4618,3,365.27,1095.81,0.0,1095.81
100118,2025-05-18,Pending,500209,SPT-3188,1,446.52,446.52,0.0,446.52
100119,2026-02-04,Complete,500210,AUT-3509,1,244.63,244.63,0.0,244.63
100119,2026-02-04,Complete,500211,AUT-7121,2,247.12,494.24,0.0,494.24
100120,2025-11-21,Processing,500212,FDB-9998,3,444.46,1333.38,0.0,1333.38
100121,2025-05-06,Complete,500213,AUT-9806,3,223.69,671.07,0.0,671.07
100121,2025-05-06,Complete,500214,SPT-5054,1,37.28,37.28,0.0,37.28
100122,2025-03-21,Complete,500215,GDN-2341,3,329.55,988.65,0.0,988.65
100122,2025-03-21,Complete,500216,HLT-8319,1,12.1,12.1,0.0,12.1
100123,2026-01-02,Processing,500217,HLT-6927,1,434.95,434.95,88.83,346.12
100123,2026-01-02,Processing,500218,CLT-2838,3,265.25,795.75,0.0,795.75
100124,2025-08-07,Complete,500219,ELC-9972,2,373.34,746.68,0.0,746.68
100124,2025-08-07,Complete,500220,HLT-4312,4,363.53,1454.12,0.0,1454.12
100125,2025-11-10,Complete,500221,GDN-9792,3,116.64,349.92,36.38,313.54
100126,2025-11-15,Complete,500222,HME-3695,2,478.14,956.28,0.0,956.28
100127,2025-10-26,Pending,500223,TOY-9525,1,437.32,437.32,47.12,390.2
100128,2025-09-05,Complete,500224,AUT-2904,1,262.43,262.43,0.0,262.43
100128,2025-09-05,Complete,500225,SPT-9008,1,345.98,345.98,74.12,271.86
100128,2025-09-05,Complete,500226,CLT-9361,1,311.4,311.4,0.0,311.4
100129,2025-06-17,Complete,500227,AUT-1911,6,219.82,1318.92,0.0,1318.92
100129,2025-06-17,Complete,500228,AUT-3161,1,364.96,364.96,0.0,364.96
100129,2025-06-17,Complete,500229,HLT-7806,4,244.06,976.24,0.0,976.24
100130,2025-04-10,Canceled,500230,AUT-1945,2,333.86,667.72,0.0,667.72
100130,2025-04-10,Canceled,500231,HLT-8575,3,322.84,968.52,0.0,968.52
100130,2025-04-10,Canceled,500232,BKS-1356,2,79.43,158.86,0.0,158.86
100131,2025-07-22,Complete,500233,FDB-5169,2,414.25,828.5,0.0,828.5
100132,2025-11-14,Shipped,500234,ELC-4570,2,446.67,893.34,0.0,893.34
100133,2025-05-12,Complete,500235,GDN-2196,1,308.77,308.77,0.0,308.77
100133,2025-05-12,Complete,500236,ELC-7941,3,11.74,35.22,8.74,26.48
100133,2025-05-12,Complete,500237,TOY-2044,1,467.57,467.57,0.0,467.57
100134,2025-04-17,Complete,500238,HLT-1987,1,255.74,255.74,0.0,255.74
100134,2025-04-17,Complete,500239,CLT-8734,2,237.82,475.64,0.0,475.64
100134,2025-04-17,Complete,500240,ELC-5703,1,250.93,250.93,0.0,250.93
100135,2025-10-06,Pending,500241,FDB-3948,5,87.7,438.5,0.0,438.5
100136,2025-11-21,Shipped,500242,HME-7887,5,377.2,1886.0,0.0,1886.0
100137,2025-04-21,Processing,500243,TOY-7266,5,164.38,821.9,0.0,821.9
100138,2026-01-04,Processing,500244,AUT-7184,1,169.45,169.45,0.0,169.45
100138,2026-01-04,Processing,500245,FDB-2314,1,143.4,143.4,0.0,143.4
100139,2026-01-31,Processing,500246,HLT-3178,5,256.41,1282.05,0.0,1282.05
100139,2026-01-31,Processing,500247,TOY-2943,2,277.93,555.86,0.0,555.86
100140,2026-03-01,Complete,500248,HME-9802,5,193.04,965.2,0.0,965.2
100141,2025-04-11,Complete,500249,FDB-9664,5,409.64,2048.2,0.0,2048.2
100142,2025-05-31,Complete,500250,HME-4648,4,44.93,179.72,19.8,159.92
100142,2025-05-31,Complete,500251,ELC-1372,1,225.42,225.42,0.0,225.42
100143,2025-05-30,Pending,500252,BKS-8585,1,289.07,289.07,0.0,289.07
100144,2025-12-28,Shipped,500253,HLT-7948,4,49.47,197.88,0.0,197.88
100144,2025-12-28,Shipped,500254,HLT-7214,1,252.23,252.23,0.0,252.23
100144,2025-12-28,Shipped,500255,SPT-5055,1,162.12,162.12,0.0,162.12
100145,2025-08-17,Shipped,500256,AUT-6671,2,490.44,980.88,0.0,980.88
100146,2025-04-27,Pending,500257,HME-5516,5,374.14,1870.7,0.0,1870.7
100147,2025-07-20,Canceled,500258,SPT-2848,3,14.77,44.31,2.6,41.71
100147,2025-07-20,Canceled,500259,ELC-7868,2,205.29,410.58,22.2,388.38
100148,2025-05-14,Processing,500260,GDN-1256,1,23.69,23.69,6.46,17.23
100148,2025-05-14,Processing,500261,SPT-4376,2,277.24,554.48,164.18,390.3
100149,2025-12-25,Complete,500262,CLT-2653,6,413.99,2483.94,319.75,2164.19
100150,2025-10-14,Processing,500263,GDN-1550,1,397.13,397.13,0.0,397.13
100151,2026-01-19,Complete,500264,AUT-1797,2,481.8,963.6,0.0,963.6
100151,2026-01-19,Complete,500265,SPT-1724,4,320.93,1283.72,0.0,1283.72
100151,2026-01-19,Complete,500266,FDB-8191,3,445.7,1337.1,0.0,1337.1
100151,2026-01-19,Complete,500267,SPT-9843,3,283.78,851.34,0.0,851.34
100152,2026-01-14,Pending,500268,SPT-1924,3,329.36,988.08,0.0,988.08
100152,2026-01-14,Pending,500269,HME-9255,1,231.36,231.36,0.0,231.36
100153,2026-01-25,Complete,500270,BKS-4836,1,174.37,174.37,28.79,145.58
100154,2025-07-08,Complete,500271,GDN-6224,4,413.69,1654.76,192.36,1462.4
100154,2025-07-08,Complete,500272,GDN-6253,4,409.38,1637.52,0.0,1637.52
100155,2025-12-07,Shipped,500273,SPT-5944,4,423.08,1692.32,193.03,1499.29
100156,2025-09-25,Complete,500274,HME-9540,5,169.98,849.9,163.71,686.19
100157,2025-10-31,Shipped,500275,SPT-7775,2,385.09,770.18,0.0,770.18
100158,2025-10-27,Processing,500276,BKS-5508,2,302.37,604.74,41.91,562.83
100158,2025-10-27,Processing,500277,ELC-3869,3,360.02,1080.06,184.29,895.77
100159,2025-08-14,Shipped,500278,FDB-9120,2,185.46,370.92,0.0,370.92
100160,2026-01-10,Shipped,500279,ELC-6642,3,229.54,688.62,0.0,688.62
100161,2025-10-20,Refunded,500280,FDB-9592,3,54.12,162.36,0.0,162.36
100162,2025-08-18,Shipped,500281,TOY-7821,4,331.49,1325.96,0.0,1325.96
100162,2025-08-18,Shipped,500282,FDB-3444,1,7.08,7.08,1.49,5.59
100163,2025-12-31,Processing,500283,BKS-7167,1,181.43,181.43,45.74,135.69
100164,2026-01-26,Processing,500284,HME-9813,1,319.02,319.02,0.0,319.02
100164,2026-01-26,Processing,500285,AUT-4948,2,401.15,802.3,0.0,802.3
100164,2026-01-26,Processing,500286,SPT-5927,1,276.55,276.55,0.0,276.55
100165,2025-04-14,Complete,500287,HME-8586,2,190.69,381.38,102.95,278.43
100165,2025-04-14,Complete,500288,ELC-7761,2,58.51,117.02,0.0,117.02
100165,2025-04-14,Complete,500289,FDB-9683,1,449.05,449.05,0.0,449.05
100166,2026-01-21,Canceled,500290,HME-7363,2,249.25,498.5,120.93,377.57
100167,2025-05-04,Shipped,500291,SPT-5177,1,411.98,411.98,0.0,411.98
100168,2025-06-29,Complete,500292,SPT-6411,1,372.79,372.79,0.0,372.79
100168,2025-06-29,Complete,500293,CLT-8369,4,208.14,832.56,0.0,832.56
100169,2026-01-29,Complete,500294,TOY-2514,1,131.61,131.61,0.0,131.61
100170,2025-07-01,Pending,500295,HLT-4120,1,102.78,102.78,0.0,102.78
100171,2025-07-28,Complete,500296,ELC-5398,2,65.64,131.28,23.77,107.51
100171,2025-07-28,Complete,500297,FDB-1647,3,426.97,1280.91,244.95,1035.96
100171,2025-07-28,Complete,500298,CLT-4082,1,112.49,112.49,25.25,87.24
100172,2026-02-16,Complete,500299,GDN-4555,2,413.32,826.64,180.55,646.09
100172,2026-02-16,Complete,500300,AUT-4422,1,100.14,100.14,0.0,100.14
100173,2025-04-25,Complete,500301,TOY-5967,1,172.93,172.93,0.0,172.93
100174,2025-06-03,Shipped,500302,ELC-4470,2,380.02,760.04,0.0,760.04
100174,2025-06-03,Shipped,500303,SPT-2922,2,28.96,57.92,0.0,57.92
100175,2025-07-15,Processing,500304,AUT-4974,2,318.81,637.62,100.73,536.89
100175,2025-07-15,Processing,500305,GDN-4350,3,338.03,1014.09,0.0,1014.09
100175,2025-07-15,Processing,500306,FDB-4921,6,66.86,401.16,53.77,347.39
100176,2025-06-11,Complete,500307,HLT-6269,2,446.52,893.04,0.0,893.04
100177,2025-12-22,Complete,500308,BKS-7236,1,231.94,231.94,0.0,231.94
100178,2025-04-22,Processing,500309,AUT-9743,3,297.11,891.33,0.0,891.33
100179,2025-06-03,Complete,500310,TOY-6053,1,255.06,255.06,38.17,216.89
100180,2025-03-16,Pending,500311,BKS-6892,2,482.13,964.26,0.0,964.26
100181,2025-10-10,Complete,500312,HLT-9147,1,8.13,8.13,0.0,8.13
100181,2025-10-10,Complete,500313,AUT-2615,1,369.68,369.68,0.0,369.68
100182,2025-10-31,Complete,500314,AUT-6246,5,279.28,1396.4,0.0,1396.4
100182,2025-10-31,Complete,500315,SPT-7073,4,219.8,879.2,130.85,748.35
100183,2026-03-02,Complete,500316,TOY-7781,3,295.04,885.12,0.0,885.12
100183,2026-03-02,Complete,500317,ELC-4625,2,462.63,925.26,0.0,925.26
100183,2026-03-02,Complete,500318,HME-1265,1,391.84,391.84,0.0,391.84
100183,2026-03-02,Complete,500319,BKS-7841,1,455.62,455.62,0.0,455.62
100184,2026-01-13,Complete,500320,BKS-3497,1,347.75,347.75,40.54,307.21
100185,2025-11-10,Pending,500321,SPT-6404,2,91.77,183.54,0.0,183.54
100186,2025-08-11,Shipped,500322,SPT-7223,3,408.72,1226.16,0.0,1226.16
100187,2025-03-31,Processing,500323,GDN-5026,3,57.15,171.45,0.0,171.45
100187,2025-03-31,Processing,500324,AUT-6530,1,330.81,330.81,50.74,280.07
100187,2025-03-31,Processing,500325,BKS-9005,5,305.43,1527.15,0.0,1527.15
100188,2025-07-11,Complete,500326,AUT-8550,3,164.98,494.94,67.38,427.56
100189,2025-08-09,Complete,500327,HME-6770,2,441.4,882.8,0.0,882.8
100190,2026-03-11,Complete,500328,HME-3293,2,212.81,425.62,0.0,425.62
100191,2025-08-06,Processing,500329,HLT-9000,2,306.83,613.66,84.33,529.33
100192,2026-03-09,Pending,500330,HME-9882,1,348.09,348.09,0.0,348.09
100193,2025-11-02,Complete,500331,ELC-9584,1,128.62,128.62,0.0,128.62
100194,2025-04-20,Pending,500332,ELC-2217,3,202.54,607.62,0.0,607.62
100194,2025-04-20,Pending,500333,ELC-1104,1,175.36,175.36,0.0,175.36
100194,2025-04-20,Pending,500334,FDB-3252,1,151.31,151.31,0.0,151.31
100195,2026-03-01,Processing,500335,SPT-2113,1,403.56,403.56,89.32,314.24
100196,2025-07-12,Complete,500336,HME-1149,1,74.25,74.25,17.24,57.01
100196,2025-07-12,Complete,500337,SPT-9285,4,303.64,1214.56,285.29,929.27
100196,2025-07-12,Complete,500338,AUT-7114,3,443.89,1331.67,273.33,1058.34
100197,2025-07-28,Complete,500339,ELC-8916,2,259.06,518.12,133.73,384.39
100197,2025-07-28,Complete,500340,AUT-1257,1,422.47,422.47,57.38,365.09
100198,2026-01-29,Shipped,500341,ELC-9719,2,276.61,553.22,0.0,553.22
100199,2026-01-10,Complete,500342,HLT-7739,2,161.06,322.12,54.05,268.07
100199,2026-01-10,Complete,500343,ELC-1274,1,369.98,369.98,86.95,283.03
100199,2026-01-10,Complete,500344,HLT-5501,2,279.46,558.92,104.3,454.62
100199,2026-01-10,Complete,500345,HLT-5697,1,113.36,113.36,0.0,113.36
100200,2026-02-16,Complete,500346,ELC-9228,2,109.59,219.18,0.0,219.18
100200,2026-02-16,Complete,500347,FDB-3937,2,358.9,717.8,0.0,717.8
100200,2026-02-16,Complete,500348,CLT-2578,1,345.18,345.18,0.0,345.18
100201,2025-06-24,Complete,500349,HLT-3439,1,461.06,461.06,0.0,461.06
100201,2025-06-24,Complete,500350,SPT-4144,2,71.53,143.06,0.0,143.06
100201,2025-06-24,Complete,500351,GDN-9625,2,356.93,713.86,0.0,713.86
100201,2025-06-24,Complete,500352,BKS-6807,4,487.73,1950.92,0.0,1950.92
100202,2025-10-18,Pending,500353,BKS-7502,3,93.83,281.49,0.0,281.49
100202,2025-10-18,Pending,500354,CLT-7112,1,273.98,273.98,17.82,256.16
100202,2025-10-18,Pending,500355,FDB-8520,1,320.61,320.61,71.86,248.75
100203,2025-05-12,Processing,500356,GDN-4984,2,356.9,713.8,118.66,595.14
100203,2025-05-12,Processing,500357,SPT-5914,1,381.81,381.81,0.0,381.81
100203,2025-05-12,Processing,500358,CLT-1519,2,283.76,567.52,122.07,445.45
100204,2025-12-18,Pending,500359,CLT-7640,5,293.9,1469.5,0.0,1469.5
100205,2025-07-08,Complete,500360,FDB-7179,2,471.67,943.34,0.0,943.34
100206,2026-02-09,Complete,500361,HLT-8798,1,356.79,356.79,0.0,356.79
100207,2025-05-30,Processing,500362,ELC-1154,2,339.07,678.14,83.5,594.64
100208,2025-07-29,Complete,500363,HME-2354,2,447.56,895.12,0.0,895.12
100209,2025-05-26,Complete,500364,AUT-8109,2,269.74,539.48,0.0,539.48
100210,2025-04-20,Complete,500365,TOY-2562,5,439.46,2197.3,0.0,2197.3
100210,2025-04-20,Complete,500366,HLT-1697,1,214.65,214.65,0.0,214.65
100210,2025-04-20,Complete,500367,SPT-4463,5,12.3,61.5,0.0,61.5
100210,2025-04-20,Complete,500368,GDN-8790,5,58.59,292.95,0.0,292.95
100211,2025-04-14,Complete,500369,BKS-1762,1,194.14,194.14,0.0,194.14
100212,2025-06-07,Complete,500370,CLT-5593,1,32.2,32.2,0.0,32.2
100212,2025-06-07,Complete,500371,HLT-1539,1,33.95,33.95,3.39,30.56
100213,2025-08-19,Complete,500372,HME-6152,1,137.88,137.88,0.0,137.88
100214,2026-01-13,Complete,500373,ELC-4394,1,394.04,394.04,0.0,394.04
100215,2025-12-31,Pending,500374,GDN-3362,3,491.86,1475.58,0.0,1475.58
100215,2025-12-31,Pending,500375,FDB-2260,1,343.58,343.58,96.4,247.18
100215,2025-12-31,Pending,500376,BKS-3661,1,78.33,78.33,13.51,64.82
100215,2025-12-31,Pending,500377,GDN-4939,4,36.63,146.52,0.0,146.52
100216,2025-08-09,Complete,500378,GDN-7375,1,393.46,393.46,86.99,306.47
100216,2025-08-09,Complete,500379,HLT-6435,4,106.77,427.08,0.0,427.08
100216,2025-08-09,Complete,500380,FDB-3292,1,273.33,273.33,81.73,191.6
100216,2025-08-09,Complete,500381,CLT-9204,1,183.18,183.18,0.0,183.18
100217,2025-10-25,Complete,500382,TOY-1879,3,229.57,688.71,45.11,643.6
100217,2025-10-25,Complete,500383,CLT-8161,2,310.35,620.7,91.11,529.59
100218,2025-05-17,Pending,500384,SPT-2245,4,339.7,1358.8,0.0,1358.8
100218,2025-05-17,Pending,500385,TOY-7499,3,283.56,850.68,0.0,850.68
100219,2025-11-09,Processing,500386,TOY-1485,4,116.8,467.2,0.0,467.2
100220,2026-03-02,Shipped,500387,BKS-8381,1,325.67,325.67,0.0,325.67
100221,2025-08-17,Shipped,500388,AUT-4737,1,198.1,198.1,26.83,171.27
100221,2025-08-17,Shipped,500389,TOY-7150,3,258.39,775.17,0.0,775.17
100221,2025-08-17,Shipped,500390,FDB-4043,4,399.63,1598.52,371.61,1226.91
100221,2025-08-17,Shipped,500391,GDN-7227,6,349.88,2099.28,0.0,2099.28
100222,2026-03-08,Complete,500392,CLT-5839,2,348.3,696.6,0.0,696.6
100222,2026-03-08,Complete,500393,SPT-2204,1,29.2,29.2,0.0,29.2
100223,2025-10-07,Shipped,500394,CLT-5390,3,194.49,583.47,0.0,583.47
100223,2025-10-07,Shipped,500395,HME-7225,1,211.77,211.77,0.0,211.77
100224,2025-08-01,Complete,500396,HME-7383,5,395.32,1976.6,0.0,1976.6
100224,2025-08-01,Complete,500397,TOY-6909,4,344.45,1377.8,0.0,1377.8
100225,2025-11-26,Complete,500398,CLT-2499,2,483.11,966.22,194.54,771.68
100226,2025-12-16,Canceled,500399,ELC-6050,3,32.57,97.71,0.0,97.71
100226,2025-12-16,Canceled,500400,AUT-6896,3,373.36,1120.08,238.71,881.37
100227,2025-11-22,Shipped,500401,BKS-2674,1,106.32,106.32,0.0,106.32
100227,2025-11-22,Shipped,500402,HME-2430,5,435.2,2176.0,0.0,2176.0
100228,2025-10-25,Processing,500403,HME-8061,2,431.05,862.1,72.87,789.23
100228,2025-10-25,Processing,500404,AUT-9395,4,224.86,899.44,0.0,899.44
100228,2025-10-25,Processing,500405,FDB-2692,1,117.41,117.41,0.0,117.41
100229,2025-04-25,Processing,500406,ELC-2468,4,319.08,1276.32,0.0,1276.32
100230,2026-01-15,Pending,500407,TOY-2524,1,356.51,356.51,0.0,356.51
100230,2026-01-15,Pending,500408,GDN-6315,1,187.65,187.65,0.0,187.65
100230,2026-01-15,Pending,500409,FDB-1202,5,296.65,1483.25,0.0,1483.25
100230,2026-01-15,Pending,500410,BKS-7779,1,370.78,370.78,0.0,370.78
100231,2025-04-04,Complete,500411,FDB-2387,1,103.05,103.05,0.0,103.05
100232,2025-10-22,Complete,500412,HLT-4977,5,364.1,1820.5,121.89,1698.61
100233,2025-08-27,Complete,500413,GDN-9537,5,101.58,507.9,0.0,507.9
100233,2025-08-27,Complete,500414,HME-7237,2,227.7,455.4,0.0,455.4
100234,2026-01-18,Complete,500415,HME-3274,2,491.82,983.64,255.63,728.01
100234,2026-01-18,Complete,500416,BKS-5933,2,42.78,85.56,4.91,80.65
100235,2025-07-21,Shipped,500417,BKS-9079,1,481.45,481.45,141.17,340.28
100236,2025-03-28,Processing,500418,HME-2036,1,369.12,369.12,0.0,369.12
100237,2025-04-30,Shipped,500419,HME-8121,3,64.95,194.85,46.06,148.79
100237,2025-04-30,Shipped,500420,BKS-7899,3,26.06,78.18,0.0,78.18
100237,2025-04-30,Shipped,500421,BKS-8933,3,143.87,431.61,0.0,431.61
100238,2025-07-10,Canceled,500422,CLT-6916,3,136.52,409.56,0.0,409.56
100239,2026-02-23,Complete,500423,BKS-5040,1,85.49,85.49,8.29,77.2
100239,2026-02-23,Complete,500424,AUT-4203,2,423.92,847.84,47.94,799.9
100240,2026-01-03,Shipped,500425,AUT-2752,1,8.78,8.78,0.0,8.78
100240,2026-01-03,Shipped,500426,HME-5991,2,236.36,472.72,0.0,472.72
100241,2026-01-09,Complete,500427,ELC-7483,2,469.11,938.22,0.0,938.22
100242,2025-03-25,Processing,500428,TOY-7224,4,25.72,102.88,0.0,102.88
100242,2025-03-25,Processing,500429,TOY-8212,1,464.73,464.73,0.0,464.73
100243,2026-02-22,Processing,500430,TOY-8055,1,300.85,300.85,17.0,283.85
100243,2026-02-22,Processing,500431,GDN-3230,1,388.18,388.18,95.09,293.09
100244,2025-07-30,Complete,500432,BKS-6253,3,314.92,944.76,247.09,697.67
100244,2025-07-30,Complete,500433,GDN-4290,2,422.5,845.0,0.0,845.0
100244,2025-07-30,Complete,500434,AUT-6147,1,154.76,154.76,0.0,154.76
100245,2026-01-04,Complete,500435,HME-7524,1,396.2,396.2,58.19,338.01
100246,2025-04-04,Complete,500436,TOY-5775,3,277.77,833.31,0.0,833.31
100246,2025-04-04,Complete,500437,AUT-4971,1,41.99,41.99,4.47,37.52
100247,2025-06-12,Complete,500438,TOY-7161,4,355.58,1422.32,0.0,1422.32
100248,2025-11-10,Complete,500439,BKS-7437,3,265.54,796.62,0.0,796.62
100249,2025-12-05,Processing,500440,TOY-2865,1,478.74,478.74,0.0,478.74
100249,2025-12-05,Processing,500441,GDN-4273,1,263.17,263.17,0.0,263.17
100250,2026-02-11,Complete,500442,GDN-9939,6,394.4,2366.4,515.48,1850.92
100251,2025-10-27,Processing,500443,HME-1440,1,84.72,84.72,8.57,76.15
100252,2025-08-04,Canceled,500444,AUT-4434,1,274.27,274.27,79.17,195.1
100252,2025-08-04,Canceled,500445,AUT-5773,4,205.28,821.12,0.0,821.12
100253,2025-06-15,Complete,500446,CLT-7703,5,178.6,893.0,0.0,893.0
100254,2026-01-08,Pending,500447,AUT-3280,6,442.39,2654.34,0.0,2654.34
100255,2025-10-24,Shipped,500448,BKS-4965,3,333.68,1001.04,0.0,1001.04
100255,2025-10-24,Shipped,500449,BKS-3525,1,169.54,169.54,0.0,169.54
100255,2025-10-24,Shipped,500450,FDB-7176,1,151.02,151.02,0.0,151.02
100255,2025-10-24,Shipped,500451,CLT-8357,3,475.44,1426.32,0.0,1426.32
100256,2026-02-03,Shipped,500452,GDN-8851,2,311.42,622.84,0.0,622.84
100256,2026-02-03,Shipped,500453,GDN-7566,2,240.57,481.14,0.0,481.14
100256,2026-02-03,Shipped,500454,HLT-9300,5,283.29,1416.45,0.0,1416.45
100256,2026-02-03,Shipped,500455,FDB-9907,1,377.54,377.54,0.0,377.54
100257,2025-11-21,Complete,500456,ELC-6890,2,326.74,653.48,0.0,653.48
100258,2025-04-30,Complete,500457,HLT-2392,1,62.66,62.66,0.0,62.66
100259,2025-11-10,Complete,500458,CLT-5067,2,176.92,353.84,0.0,353.84
100260,2025-09-09,Processing,500459,TOY-3725,1,124.72,124.72,0.0,124.72
100260,2025-09-09,Processing,500460,GDN-1725,1,323.27,323.27,0.0,323.27
100260,2025-09-09,Processing,500461,GDN-7547,1,459.78,459.78,35.55,424.23
100261,2025-10-10,Shipped,500462,TOY-8052,2,126.44,252.88,0.0,252.88
100261,2025-10-10,Shipped,500463,CLT-1172,3,25.69,77.07,0.0,77.07
100261,2025-10-10,Shipped,500464,CLT-5239,2,443.51,887.02,0.0,887.02
100262,2025-09-01,Pending,500465,SPT-9366,5,194.39,971.95,179.29,792.66
100262,2025-09-01,Pending,500466,HLT-4621,1,399.32,399.32,0.0,399.32
100262,2025-09-01,Pending,500467,AUT-7129,1,62.0,62.0,9.1,52.9
100263,2025-08-26,Complete,500468,FDB-8586,4,132.75,531.0,0.0,531.0
100264,2026-02-21,Shipped,500469,GDN-9199,1,363.63,363.63,0.0,363.63
100265,2025-05-07,Processing,500470,HME-6651,5,18.19,90.95,14.54,76.41
100265,2025-05-07,Processing,500471,ELC-8909,1,261.32,261.32,0.0,261.32
100265,2025-05-07,Processing,500472,CLT-5840,5,386.61,1933.05,0.0,1933.05
100266,2025-06-05,Shipped,500473,FDB-2406,1,260.06,260.06,23.83,236.23
100266,2025-06-05,Shipped,500474,CLT-3321,4,257.31,1029.24,287.94,741.3
100267,2025-08-30,Shipped,500475,TOY-6110,2,246.47,492.94,0.0,492.94
100267,2025-08-30,Shipped,500476,TOY-8460,6,152.43,914.58,0.0,914.58
100268,2025-10-11,Complete,500477,SPT-9537,1,327.84,327.84,0.0,327.84
100268,2025-10-11,Complete,500478,AUT-6706,2,164.22,328.44,0.0,328.44
100268,2025-10-11,Complete,500479,AUT-2599,5,46.67,233.35,40.87,192.48
100268,2025-10-11,Complete,500480,AUT-8412,2,53.39,106.78,20.97,85.81
100269,2026-03-05,Canceled,500481,TOY-2100,2,485.97,971.94,0.0,971.94
100269,2026-03-05,Canceled,500482,BKS-1732,3,388.01,1164.03,0.0,1164.03
100270,2025-11-23,Processing,500483,CLT-1370,2,269.39,538.78,0.0,538.78
100271,2025-08-09,Processing,500484,TOY-2791,2,315.69,631.38,35.5,595.88
100271,2025-08-09,Processing,500485,HME-4996,2,110.12,220.24,0.0,220.24
100271,2025-08-09,Processing,500486,HLT-3858,5,316.97,1584.85,0.0,1584.85
100272,2026-02-17,Processing,500487,HLT-3623,1,111.3,111.3,0.0,111.3
100273,2025-10-06,Shipped,500488,TOY-7985,1,344.58,344.58,0.0,344.58
100273,2025-10-06,Shipped,500489,AUT-4798,5,418.81,2094.05,274.36,1819.69
100274,2025-12-21,Processing,500490,FDB-4022,4,107.55,430.2,0.0,430.2
100274,2025-12-21,Processing,500491,HME-8080,2,415.39,830.78,0.0,830.78
100274,2025-12-21,Processing,500492,FDB-1478,2,440.04,880.08,205.34,674.74
100275,2025-04-02,Complete,500493,GDN-4232,1,372.23,372.23,84.33,287.9
100276,2025-11-02,Complete,500494,AUT-8037,1,221.0,221.0,0.0,221.0
100277,2025-04-29,Complete,500495,FDB-1072,2,409.47,818.94,185.75,633.19
100278,2025-08-23,Complete,500496,SPT-4371,1,41.62,41.62,0.0,41.62
100278,2025-08-23,Complete,500497,BKS-2025,2,344.9,689.8,0.0,689.8
100279,2025-07-22,Complete,500498,GDN-2667,1,17.72,17.72,0.0,17.72
100280,2025-08-27,Complete,500499,HLT-4063,6,360.12,2160.72,405.32,1755.4
100280,2025-08-27,Complete,500500,TOY-6340,6,24.71,148.26,13.75,134.51
100281,2025-05-13,Processing,500501,SPT-8496,3,42.17,126.51,33.88,92.63
100281,2025-05-13,Processing,500502,CLT-5298,2,93.92,187.84,0.0,187.84
100282,2025-10-07,Complete,500503,AUT-9646,1,130.43,130.43,11.24,119.19
100283,2025-12-03,Processing,500504,TOY-7367,4,40.79,163.16,0.0,163.16
100283,2025-12-03,Processing,500505,GDN-7431,3,411.87,1235.61,156.94,1078.67
100284,2025-03-15,Complete,500506,GDN-2871,1,456.02,456.02,0.0,456.02
100285,2026-02-14,Shipped,500507,TOY-6766,5,207.36,1036.8,0.0,1036.8
100286,2025-12-17,Complete,500508,AUT-3826,4,228.85,915.4,87.12,828.28
100286,2025-12-17,Complete,500509,BKS-2388,5,205.79,1028.95,0.0,1028.95
100286,2025-12-17,Complete,500510,HME-6131,3,162.29,486.87,0.0,486.87
100287,2025-11-06,Shipped,500511,CLT-4908,2,198.4,396.8,95.77,301.03
100287,2025-11-06,Shipped,500512,BKS-2916,2,64.43,128.86,22.47,106.39
100287,2025-11-06,Shipped,500513,HME-7116,5,8.9,44.5,0.0,44.5
100288,2025-10-12,Shipped,500514,HME-9369,4,361.81,1447.24,0.0,1447.24
100289,2025-04-11,Processing,500515,FDB-7852,1,37.23,37.23,0.0,37.23
100290,2025-06-19,Processing,500516,GDN-3258,1,374.49,374.49,0.0,374.49
100291,2025-12-05,Processing,500517,GDN-7286,1,28.48,28.48,6.12,22.36
100292,2025-09-16,Processing,500518,FDB-4043,4,425.03,1700.12,0.0,1700.12
100292,2025-09-16,Processing,500519,AUT-9804,6,182.69,1096.14,0.0,1096.14
100293,2026-01-27,Shipped,500520,HME-3733,1,254.39,254.39,0.0,254.39
100293,2026-01-27,Shipped,500521,AUT-5732,2,149.17,298.34,80.71,217.63
100294,2025-11-25,Shipped,500522,HME-4065,1,344.81,344.81,71.43,273.38
100295,2026-01-29,Complete,500523,TOY-8389,5,305.63,1528.15,0.0,1528.15
100295,2026-01-29,Complete,500524,GDN-1878,4,145.06,580.24,55.82,524.42
100296,2025-10-27,Shipped,500525,TOY-1157,4,463.78,1855.12,254.62,1600.5
100296,2025-10-27,Shipped,500526,AUT-3236,2,194.41,388.82,22.59,366.23
100297,2025-04-10,Pending,500527,SPT-7290,2,412.12,824.24,0.0,824.24
100298,2025-06-27,Complete,500528,HLT-9281,1,21.21,21.21,0.0,21.21
100299,2025-07-29,Processing,500529,AUT-7703,1,83.21,83.21,5.98,77.23
100300,2025-12-21,Complete,500530,AUT-7809,4,114.6,458.4,136.8,321.6
100300,2025-12-21,Complete,500531,AUT-9006,4,374.89,1499.56,181.59,1317.97
100300,2025-12-21,Complete,500532,HME-2354,6,399.59,2397.54,0.0,2397.54
100301,2025-05-21,Complete,500533,GDN-1505,6,425.63,2553.78,0.0,2553.78
100301,2025-05-21,Complete,500534,SPT-5785,2,151.71,303.42,0.0,303.42
100301,2025-05-21,Complete,500535,ELC-5503,3,319.21,957.63,0.0,957.63
100302,2025-08-09,Complete,500536,SPT-9808,5,153.23,766.15,0.0,766.15
100302,2025-08-09,Complete,500537,BKS-3755,4,444.16,1776.64,0.0,1776.64
100303,2025-10-25,Shipped,500538,AUT-9115,1,482.88,482.88,0.0,482.88
100303,2025-10-25,Shipped,500539,HLT-9369,2,434.36,868.72,210.34,658.38
100303,2025-10-25,Shipped,500540,CLT-2871,1,326.07,326.07,89.47,236.6
100304,2026-03-07,Complete,500541,BKS-9898,5,478.94,2394.7,0.0,2394.7
100304,2026-03-07,Complete,500542,TOY-9880,2,11.5,23.0,0.0,23.0
100305,2025-11-18,Pending,500543,ELC-8231,1,438.12,438.12,0.0,438.12
100306,2025-05-16,Processing,500544,HLT-4580,3,75.83,227.49,38.15,189.34
100307,2025-03-29,Complete,500545,FDB-2677,2,26.63,53.26,14.11,39.15
100308,2026-01-31,Complete,500546,SPT-5877,1,288.91,288.91,44.33,244.58
100308,2026-01-31,Complete,500547,ELC-8368,1,200.67,200.67,20.52,180.15
100308,2026-01-31,Complete,500548,BKS-6711,3,276.47,829.41,159.94,669.47
100309,2026-01-20,Complete,500549,CLT-8193,2,48.04,96.08,0.0,96.08
100309,2026-01-20,Complete,500550,CLT-4882,3,109.76,329.28,0.0,329.28
100310,2025-07-15,Complete,500551,SPT-6744,2,372.26,744.52,172.0,572.52
100310,2025-07-15,Complete,500552,GDN-8015,4,364.6,1458.4,0.0,1458.4
100310,2025-07-15,Complete,500553,HME-3281,2,110.59,221.18,0.0,221.18
100311,2026-03-13,Processing,500554,SPT-4390,2,453.37,906.74,0.0,906.74
100311,2026-03-13,Processing,500555,ELC-6747,4,426.61,1706.44,0.0,1706.44
100311,2026-03-13,Processing,500556,HLT-5605,2,76.36,152.72,0.0,152.72
100312,2025-06-04,Complete,500557,GDN-9827,1,96.88,96.88,18.77,78.11
100313,2025-08-21,Complete,500558,HME-6302,1,310.73,310.73,0.0,310.73
100314,2025-12-22,Complete,500559,BKS-5740,3,130.84,392.52,0.0,392.52
100315,2025-03-22,Complete,500560,GDN-5380,2,62.61,125.22,0.0,125.22
100315,2025-03-22,Complete,500561,HLT-2560,3,337.45,1012.35,0.0,1012.35
100316,2025-12-22,Complete,500562,HME-7743,1,286.23,286.23,0.0,286.23
100316,2025-12-22,Complete,500563,ELC-5543,1,32.86,32.86,0.0,32.86
100316,2025-12-22,Complete,500564,HME-3174,1,377.0,377.0,0.0,377.0
100317,2025-10-09,Processing,500565,SPT-3396,1,495.09,495.09,0.0,495.09
100318,2025-05-01,Shipped,500566,TOY-5055,2,277.12,554.24,67.96,486.28
100318,2025-05-01,Shipped,500567,FDB-9019,1,324.46,324.46,25.81,298.65
100319,2025-07-08,Processing,500568,HME-5402,2,42.12,84.24,0.0,84.24
100320,2025-05-12,Complete,500569,FDB-7146,5,337.8,1689.0,0.0,1689.0
100320,2025-05-12,Complete,500570,AUT-2237,1,129.83,129.83,0.0,129.83
100320,2025-05-12,Complete,500571,CLT-7600,2,103.51,207.02,42.2,164.82
100321,2025-11-06,Complete,500572,HLT-5558,3,292.8,878.4,0.0,878.4
100321,2025-11-06,Complete,500573,TOY-8449,1,476.05,476.05,65.42,410.63
100321,2025-11-06,Complete,500574,AUT-6362,2,182.42,364.84,0.0,364.84
100322,2025-05-14,Pending,500575,GDN-1040,4,337.61,1350.44,283.8,1066.64
100322,2025-05-14,Pending,500576,CLT-8511,5,121.85,609.25,0.0,609.25
100322,2025-05-14,Pending,500577,TOY-2037,1,146.85,146.85,9.83,137.02
100322,2025-05-14,Pending,500578,HLT-7516,5,40.48,202.4,37.95,164.45
100323,2026-02-09,Complete,500579,SPT-8039,2,101.58,203.16,0.0,203.16
100323,2026-02-09,Complete,500580,SPT-9105,1,246.01,246.01,32.8,213.21
100323,2026-02-09,Complete,500581,BKS-6289,2,168.19,336.38,0.0,336.38
100324,2025-06-01,Pending,500582,BKS-6533,6,331.74,1990.44,0.0,1990.44
100324,2025-06-01,Pending,500583,HLT-3139,2,348.56,697.12,0.0,697.12
100324,2025-06-01,Pending,500584,GDN-8951,1,81.27,81.27,0.0,81.27
100325,2025-11-25,Pending,500585,TOY-1793,2,286.02,572.04,147.85,424.19
100326,2025-08-11,Canceled,500586,ELC-2631,1,404.99,404.99,0.0,404.99
100326,2025-08-11,Canceled,500587,AUT-1266,1,479.57,479.57,0.0,479.57
100327,2025-11-30,Shipped,500588,CLT-3588,1,89.3,89.3,0.0,89.3
100328,2026-03-11,Complete,500589,AUT-8479,1,160.72,160.72,13.49,147.23
100328,2026-03-11,Complete,500590,ELC-8009,1,394.11,394.11,65.09,329.02
100328,2026-03-11,Complete,500591,SPT-3161,1,357.82,357.82,0.0,357.82
100329,2025-08-01,Processing,500592,BKS-3604,2,322.56,645.12,0.0,645.12
100329,2025-08-01,Processing,500593,BKS-2529,1,142.67,142.67,0.0,142.67
100329,2025-08-01,Processing,500594,TOY-5102,1,183.58,183.58,0.0,183.58
100330,2025-10-13,Complete,500595,CLT-7092,4,341.7,1366.8,0.0,1366.8
100330,2025-10-13,Complete,500596,HME-1848,2,169.78,339.56,61.21,278.35
100330,2025-10-13,Complete,500597,FDB-6005,3,243.09,729.27,0.0,729.27
100331,2025-11-17,Complete,500598,SPT-8032,1,226.0,226.0,0.0,226.0
100331,2025-11-17,Complete,500599,CLT-2559,1,388.72,388.72,0.0,388.72
100331,2025-11-17,Complete,500600,ELC-4496,1,246.55,246.55,47.92,198.63
100332,2025-11-11,Canceled,500601,AUT-2276,1,59.75,59.75,16.67,43.08
100333,2025-07-17,Pending,500602,HME-4705,1,324.89,324.89,0.0,324.89
100333,2025-07-17,Pending,500603,HLT-8291,1,46.49,46.49,4.06,42.43
100334,2025-11-03,Complete,500604,ELC-1132,1,144.61,144.61,0.0,144.61
100335,2025-12-22,Processing,500605,TOY-2975,1,414.25,414.25,59.57,354.68
100335,2025-12-22,Processing,500606,FDB-3165,2,446.29,892.58,0.0,892.58
100335,2025-12-22,Processing,500607,AUT-2160,1,103.03,103.03,20.75,82.28
100336,2025-05-28,Canceled,500608,SPT-7276,1,368.36,368.36,29.18,339.18
100336,2025-05-28,Canceled,500609,CLT-2678,2,315.54,631.08,0.0,631.08
100336,2025-05-28,Canceled,500610,CLT-6133,3,365.34,1096.02,289.85,806.17
100337,2025-09-27,Complete,500611,TOY-5902,1,446.69,446.69,0.0,446.69
100338,2025-06-20,Complete,500612,HME-7270,3,425.69,1277.07,91.57,1185.5
100338,2025-06-20,Complete,500613,HME-3340,2,318.01,636.02,0.0,636.02
100338,2025-06-20,Complete,500614,CLT-9691,1,407.44,407.44,0.0,407.44
100339,2026-01-15,Shipped,500615,GDN-1138,4,291.97,1167.88,0.0,1167.88
100340,2025-11-30,Shipped,500616,GDN-3688,5,385.97,1929.85,349.83,1580.02
100341,2025-05-23,Pending,500617,AUT-6753,1,111.09,111.09,15.95,95.14
100341,2025-05-23,Pending,500618,SPT-3480,1,24.1,24.1,2.42,21.68
100342,2025-04-19,Shipped,500619,FDB-8248,4,134.73,538.92,95.12,443.8
100343,2025-08-03,Pending,500620,SPT-2420,3,447.62,1342.86,0.0,1342.86
100344,2025-10-13,Pending,500621,CLT-3293,1,272.59,272.59,0.0,272.59
100345,2025-09-05,Processing,500622,CLT-7291,1,329.02,329.02,44.43,284.59
100346,2025-11-29,Processing,500623,TOY-8035,1,79.41,79.41,0.0,79.41
100346,2025-11-29,Processing,500624,TOY-3290,2,199.88,399.76,0.0,399.76
100346,2025-11-29,Processing,500625,SPT-5537,2,446.36,892.72,117.69,775.03
100347,2025-07-29,Complete,500626,CLT-5065,1,297.25,297.25,0.0,297.25
100347,2025-07-29,Complete,500627,HLT-5668,2,429.43,858.86,253.85,605.01
100347,2025-07-29,Complete,500628,ELC-5942,3,72.13,216.39,0.0,216.39
100347,2025-07-29,Complete,500629,SPT-9482,1,253.54,253.54,0.0,253.54
100348,2025-03-16,Complete,500630,GDN-9348,1,50.72,50.72,3.0,47.72
100349,2025-08-06,Complete,500631,SPT-7418,3,185.74,557.22,0.0,557.22
100349,2025-08-06,Complete,500632,BKS-1894,4,11.22,44.88,0.0,44.88
100350,2025-08-14,Complete,500633,SPT-9108,2,124.0,248.0,31.68,216.32
100351,2026-01-09,Complete,500634,FDB-2847,2,482.21,964.42,252.71,711.71
100351,2026-01-09,Complete,500635,SPT-9185,1,491.03,491.03,0.0,491.03
100351,2026-01-09,Complete,500636,GDN-2163,2,343.97,687.94,187.32,500.62
100351,2026-01-09,Complete,500637,HLT-1197,2,380.05,760.1,183.6,576.5
100352,2026-01-05,Canceled,500638,TOY-6185,1,75.33,75.33,0.0,75.33
100352,2026-01-05,Canceled,500639,HME-7337,1,84.65,84.65,20.28,64.37
100353,2026-02-15,Processing,500640,GDN-7895,1,285.77,285.77,0.0,285.77
100353,2026-02-15,Processing,500641,TOY-9951,1,285.5,285.5,28.59,256.91
100353,2026-02-15,Processing,500642,HME-8717,1,436.85,436.85,79.97,356.88
100354,2025-11-20,Complete,500643,CLT-1273,1,78.21,78.21,0.0,78.21
100355,2025-05-30,Complete,500644,GDN-2106,1,367.6,367.6,0.0,367.6
100355,2025-05-30,Complete,500645,ELC-5295,1,469.94,469.94,42.0,427.94
100355,2025-05-30,Complete,500646,SPT-1652,4,25.96,103.84,30.07,73.77
100355,2025-05-30,Complete,500647,ELC-7520,2,382.16,764.32,0.0,764.32
100356,2025-10-29,Complete,500648,HLT-5693,3,120.47,361.41,67.09,294.32
100357,2025-12-15,Shipped,500649,HLT-7806,3,136.58,409.74,0.0,409.74
100357,2025-12-15,Shipped,500650,FDB-7590,2,121.6,243.2,69.51,173.69
100357,2025-12-15,Shipped,500651,CLT-9791,1,336.27,336.27,0.0,336.27
100357,2025-12-15,Shipped,500652,HLT-3501,2,261.83,523.66,0.0,523.66
100358,2025-11-17,Complete,500653,BKS-2369,2,396.97,793.94,101.5,692.44
100359,2025-09-07,Shipped,500654,BKS-2294,3,197.71,593.13,0.0,593.13
100360,2025-09-01,Shipped,500655,HLT-4329,2,459.43,918.86,0.0,918.86
100361,2025-12-22,Shipped,500656,HME-9788,1,441.48,441.48,25.27,416.21
100361,2025-12-22,Shipped,500657,TOY-7401,1,25.7,25.7,0.0,25.7
100362,2025-12-18,Complete,500658,GDN-2083,1,326.36,326.36,47.62,278.74
100363,2025-09-24,Complete,500659,BKS-8167,2,56.98,113.96,16.86,97.1
100363,2025-09-24,Complete,500660,SPT-1948,2,484.4,968.8,0.0,968.8
100364,2025-11-03,Shipped,500661,SPT-2412,1,318.97,318.97,0.0,318.97
100364,2025-11-03,Shipped,500662,FDB-2900,6,141.1,846.6,0.0,846.6
100365,2025-08-26,Complete,500663,AUT-1901,2,372.49,744.98,0.0,744.98
100366,2025-06-19,Complete,500664,BKS-3877,1,291.83,291.83,0.0,291.83
100366,2025-06-19,Complete,500665,CLT-1207,1,287.65,287.65,0.0,287.65
100367,2026-03-07,Complete,500666,HME-1185,1,192.06,192.06,19.12,172.94
100368,2025-07-15,Shipped,500667,HME-9133,1,192.98,192.98,0.0,192.98
100368,2025-07-15,Shipped,500668,TOY-9568,1,296.3,296.3,0.0,296.3
100369,2026-01-01,Shipped,500669,HLT-5247,1,449.71,449.71,126.23,323.48
100370,2025-09-27,Shipped,500670,HME-7092,1,44.44,44.44,0.0,44.44
100370,2025-09-27,Shipped,500671,HME-5403,1,130.27,130.27,0.0,130.27
100370,2025-09-27,Shipped,500672,CLT-1480,4,486.49,1945.96,487.63,1458.33
100371,2025-07-12,Complete,500673,TOY-8034,1,116.1,116.1,0.0,116.1
100371,2025-07-12,Complete,500674,BKS-9582,2,206.48,412.96,52.69,360.27
100372,2025-10-11,Complete,500675,CLT-5308,2,409.7,819.4,0.0,819.4
100372,2025-10-11,Complete,500676,GDN-2262,6,176.44,1058.64,0.0,1058.64
100373,2025-04-06,Complete,500677,AUT-8457,1,397.56,397.56,0.0,397.56
100373,2025-04-06,Complete,500678,HLT-6900,1,444.25,444.25,0.0,444.25
100374,2025-08-24,Pending,500679,ELC-9185,5,9.25,46.25,12.67,33.58
100374,2025-08-24,Pending,500680,GDN-3734,4,441.71,1766.84,248.88,1517.96
100375,2025-11-12,Complete,500681,TOY-3577,4,223.3,893.2,249.49,643.71
100376,2026-03-11,Complete,500682,BKS-2685,1,119.61,119.61,31.72,87.89
100377,2025-09-26,Complete,500683,GDN-2889,1,260.17,260.17,44.72,215.45
100377,2025-09-26,Complete,500684,SPT-9336,3,144.71,434.13,33.96,400.17
100378,2025-09-28,Pending,500685,ELC-1721,5,80.21,401.05,0.0,401.05
100379,2026-02-17,Complete,500686,ELC-5006,2,83.72,167.44,0.0,167.44
100380,2026-02-11,Processing,500687,ELC-8729,2,303.39,606.78,83.22,523.56
100380,2026-02-11,Processing,500688,TOY-7274,1,409.57,409.57,0.0,409.57
100380,2026-02-11,Processing,500689,HME-3932,3,332.58,997.74,0.0,997.74
100381,2025-05-31,Complete,500690,ELC-7870,1,210.81,210.81,0.0,210.81
100381,2025-05-31,Complete,500691,SPT-6272,1,169.12,169.12,0.0,169.12
100382,2025-11-23,Shipped,500692,SPT-7819,2,61.98,123.96,23.43,100.53
100383,2025-04-02,Processing,500693,TOY-5444,2,339.55,679.1,85.25,593.85
100384,2025-05-18,Shipped,500694,CLT-7108,1,242.63,242.63,0.0,242.63
100385,2025-11-27,Complete,500695,CLT-9225,1,297.84,297.84,0.0,297.84
100386,2026-01-11,Canceled,500696,ELC-3938,2,325.74,651.48,72.26,579.22
100387,2025-08-31,Refunded,500697,SPT-9450,1,208.97,208.97,35.65,173.32
100388,2025-05-05,Processing,500698,ELC-7568,2,126.36,252.72,25.79,226.93
100389,2025-10-26,Complete,500699,CLT-8620,1,69.17,69.17,0.0,69.17
100389,2025-10-26,Complete,500700,BKS-6090,2,298.61,597.22,0.0,597.22
100389,2025-10-26,Complete,500701,TOY-2415,2,72.54,145.08,0.0,145.08
100390,2025-05-05,Complete,500702,HLT-8483,1,259.24,259.24,0.0,259.24
100390,2025-05-05,Complete,500703,ELC-7044,1,446.04,446.04,99.7,346.34
100391,2025-12-09,Processing,500704,SPT-5777,1,78.54,78.54,17.07,61.47
100391,2025-12-09,Processing,500705,GDN-5979,1,88.16,88.16,0.0,88.16
100391,2025-12-09,Processing,500706,GDN-4974,6,461.68,2770.08,0.0,2770.08
100392,2025-11-03,Canceled,500707,AUT-7033,1,261.21,261.21,0.0,261.21
100392,2025-11-03,Canceled,500708,GDN-9083,4,206.29,825.16,164.22,660.94
100393,2025-03-22,Shipped,500709,SPT-9954,1,484.8,484.8,36.08,448.72
100394,2025-05-27,Shipped,500710,SPT-3466,3,320.98,962.94,0.0,962.94
100394,2025-05-27,Shipped,500711,ELC-7718,3,439.97,1319.91,199.9,1120.01
100395,2025-10-10,Complete,500712,ELC-4817,2,365.61,731.22,0.0,731.22
100396,2026-02-13,Complete,500713,HLT-6675,2,411.71,823.42,0.0,823.42
100397,2025-06-02,Processing,500714,ELC-6488,2,473.93,947.86,0.0,947.86
100398,2025-04-22,Shipped,500715,ELC-7164,1,112.99,112.99,0.0,112.99
100398,2025-04-22,Shipped,500716,BKS-2703,5,305.61,1528.05,322.8,1205.25
100399,2025-11-10,Processing,500717,SPT-9680,4,238.87,955.48,99.75,855.73
100399,2025-11-10,Processing,500718,SPT-7878,5,243.93,1219.65,238.07,981.58
100400,2025-07-28,Complete,500719,AUT-1981,1,114.36,114.36,0.0,114.36
100401,2025-09-04,Shipped,500720,HME-5584,3,208.91,626.73,0.0,626.73
100402,2026-01-28,Shipped,500721,CLT-1719,5,76.49,382.45,0.0,382.45
100403,2026-03-04,Complete,500722,SPT-9515,1,293.82,293.82,0.0,293.82
100404,2025-10-04,Shipped,500723,FDB-7102,1,385.13,385.13,0.0,385.13
100404,2025-10-04,Shipped,500724,AUT-2391,3,313.86,941.58,191.98,749.6
100404,2025-10-04,Shipped,500725,GDN-2565,2,258.33,516.66,0.0,516.66
100405,2026-02-10,Complete,500726,HLT-3187,4,88.84,355.36,95.72,259.64
100405,2026-02-10,Complete,500727,FDB-2226,1,344.67,344.67,85.68,258.99
100406,2025-04-25,Canceled,500728,GDN-2020,3,461.63,1384.89,0.0,1384.89
100407,2025-08-30,Complete,500729,FDB-3141,1,300.68,300.68,0.0,300.68
100408,2026-02-23,Complete,500730,SPT-5778,1,40.0,40.0,0.0,40.0
100408,2026-02-23,Complete,500731,BKS-6161,1,192.83,192.83,0.0,192.83
100409,2025-12-13,Canceled,500732,FDB-6345,4,71.3,285.2,0.0,285.2
100409,2025-12-13,Canceled,500733,TOY-8417,3,14.17,42.51,0.0,42.51
100410,2025-09-25,Complete,500734,BKS-4827,2,264.21,528.42,0.0,528.42
100411,2025-08-24,Processing,500735,CLT-4321,1,455.2,455.2,0.0,455.2
100411,2025-08-24,Processing,500736,HME-2785,4,344.07,1376.28,0.0,1376.28
100411,2025-08-24,Processing,500737,HME-2731,1,414.29,414.29,0.0,414.29
100412,2026-01-29,Complete,500738,HME-8365,4,305.11,1220.44,0.0,1220.44
100412,2026-01-29,Complete,500739,AUT-6145,2,93.64,187.28,51.55,135.73
100413,2025-11-19,Complete,500740,FDB-2978,1,451.38,451.38,0.0,451.38
100413,2025-11-19,Complete,500741,HLT-6870,2,302.3,604.6,114.88,489.72
100414,2025-12-17,Complete,500742,SPT-8404,1,439.6,439.6,0.0,439.6
100415,2025-04-02,Processing,500743,BKS-8591,3,268.52,805.56,97.11,708.45
100416,2026-01-25,Complete,500744,BKS-2964,2,377.67,755.34,119.29,636.05
100417,2025-04-19,Refunded,500745,CLT-3582,1,52.03,52.03,0.0,52.03
100418,2025-07-13,Complete,500746,BKS-1660,4,331.73,1326.92,0.0,1326.92
100419,2026-02-01,Complete,500747,SPT-6370,1,451.57,451.57,0.0,451.57
100419,2026-02-01,Complete,500748,HME-2494,2,272.4,544.8,0.0,544.8
100419,2026-02-01,Complete,500749,SPT-6828,5,6.58,32.9,0.0,32.9
100420,2026-02-28,Canceled,500750,FDB-9412,2,469.23,938.46,87.61,850.85
100421,2025-08-09,Shipped,500751,ELC-5896,1,341.2,341.2,64.44,276.76
100422,2025-07-09,Processing,500752,BKS-3848,5,219.15,1095.75,0.0,1095.75
100422,2025-07-09,Processing,500753,ELC-7625,2,213.81,427.62,0.0,427.62
100423,2025-04-30,Shipped,500754,AUT-5093,1,438.15,438.15,0.0,438.15
100424,2025-10-23,Complete,500755,CLT-8570,1,350.63,350.63,94.03,256.6
100424,2025-10-23,Complete,500756,CLT-3290,3,217.89,653.67,34.58,619.09
100425,2025-05-04,Complete,500757,CLT-1195,2,469.57,939.14,0.0,939.14
100426,2026-02-02,Shipped,500758,ELC-4641,2,244.16,488.32,132.44,355.88
100427,2026-03-10,Pending,500759,HME-4246,4,385.71,1542.84,0.0,1542.84
100427,2026-03-10,Pending,500760,FDB-7098,3,179.15,537.45,0.0,537.45
100428,2025-05-05,Complete,500761,CLT-5240,1,403.47,403.47,34.01,369.46
100429,2025-10-28,Pending,500762,CLT-1357,1,454.47,454.47,0.0,454.47
100429,2025-10-28,Pending,500763,CLT-4239,1,419.56,419.56,0.0,419.56
100430,2025-06-08,Complete,500764,AUT-3110,3,290.59,871.77,0.0,871.77
100430,2025-06-08,Complete,500765,CLT-6432,1,216.18,216.18,0.0,216.18
100431,2026-03-05,Complete,500766,CLT-1699,2,131.72,263.44,0.0,263.44
100432,2025-08-15,Complete,500767,AUT-1829,3,384.32,1152.96,0.0,1152.96
100433,2025-03-29,Complete,500768,HME-8096,4,455.57,1822.28,0.0,1822.28
100434,2025-04-07,Shipped,500769,FDB-9128,1,47.4,47.4,0.0,47.4
100434,2025-04-07,Shipped,500770,ELC-7270,4,301.55,1206.2,0.0,1206.2
100434,2025-04-07,Shipped,500771,FDB-3831,1,274.59,274.59,0.0,274.59
100434,2025-04-07,Shipped,500772,TOY-4517,4,133.35,533.4,83.31,450.09
100435,2025-08-28,Processing,500773,HME-5505,1,8.69,8.69,1.52,7.17
100435,2025-08-28,Processing,500774,BKS-8307,1,373.35,373.35,0.0,373.35
100436,2025-04-12,Pending,500775,HME-1567,3,9.5,28.5,0.0,28.5
100437,2025-08-12,Processing,500776,GDN-5026,1,264.13,264.13,74.39,189.74
100438,2025-09-14,Complete,500777,BKS-9173,1,262.75,262.75,0.0,262.75
100438,2025-09-14,Complete,500778,FDB-8848,3,191.25,573.75,34.12,539.63
100438,2025-09-14,Complete,500779,ELC-2437,3,107.47,322.41,0.0,322.41
100439,2025-09-22,Complete,500780,BKS-7275,2,403.31,806.62,0.0,806.62
100440,2025-10-21,Complete,500781,HME-7868,3,207.96,623.88,0.0,623.88
100440,2025-10-21,Complete,500782,SPT-9614,2,58.64,117.28,0.0,117.28
100440,2025-10-21,Complete,500783,SPT-9907,1,216.47,216.47,50.34,166.13
100441,2025-05-28,Complete,500784,ELC-7266,1,295.16,295.16,0.0,295.16
100441,2025-05-28,Complete,500785,TOY-8859,1,135.07,135.07,0.0,135.07
100442,2025-07-18,Complete,500786,HLT-8940,5,270.83,1354.15,0.0,1354.15
100442,2025-07-18,Complete,500787,TOY-9231,2,284.94,569.88,102.14,467.74
100442,2025-07-18,Complete,500788,TOY-7363,2,308.26,616.52,0.0,616.52
100442,2025-07-18,Complete,500789,BKS-3946,2,495.94,991.88,0.0,991.88
100443,2025-12-11,Shipped,500790,ELC-6224,5,202.33,1011.65,210.09,801.56
100443,2025-12-11,Shipped,500791,GDN-4588,1,106.61,106.61,0.0,106.61
100444,2025-10-11,Processing,500792,ELC-5602,2,278.73,557.46,0.0,557.46
100444,2025-10-11,Processing,500793,ELC-8728,2,281.43,562.86,0.0,562.86
100444,2025-10-11,Processing,500794,HLT-6856,2,94.28,188.56,0.0,188.56
100444,2025-10-11,Processing,500795,GDN-4813,1,282.18,282.18,0.0,282.18
100445,2025-12-29,Complete,500796,HME-2640,4,244.97,979.88,0.0,979.88
100445,2025-12-29,Complete,500797,SPT-4951,5,494.31,2471.55,0.0,2471.55
100445,2025-12-29,Complete,500798,BKS-9743,2,291.35,582.7,0.0,582.7
100446,2026-02-27,Canceled,500799,ELC-4594,3,388.44,1165.32,190.54,974.78
100446,2026-02-27,Canceled,500800,GDN-7363,5,202.67,1013.35,0.0,1013.35
100447,2025-06-15,Processing,500801,TOY-3846,3,74.2,222.6,0.0,222.6
100447,2025-06-15,Processing,500802,HME-4875,1,432.72,432.72,59.81,372.91
100448,2025-06-10,Complete,500803,GDN-6210,2,64.82,129.64,0.0,129.64
100448,2025-06-10,Complete,500804,TOY-1462,2,119.5,239.0,21.96,217.04
100449,2025-06-12,Processing,500805,TOY-3328,2,392.85,785.7,0.0,785.7
100449,2025-06-12,Processing,500806,GDN-4084,3,474.92,1424.76,0.0,1424.76
100449,2025-06-12,Processing,500807,AUT-9882,5,55.53,277.65,68.37,209.28
100450,2025-04-24,Complete,500808,BKS-3876,5,257.11,1285.55,266.53,1019.02
100450,2025-04-24,Complete,500809,AUT-1621,2,394.31,788.62,0.0,788.62
100451,2026-01-21,Complete,500810,CLT-1920,1,401.61,401.61,0.0,401.61
100451,2026-01-21,Complete,500811,SPT-4584,6,309.32,1855.92,0.0,1855.92
100451,2026-01-21,Complete,500812,ELC-9625,4,344.16,1376.64,322.61,1054.03
100452,2025-09-26,Complete,500813,AUT-1011,1,31.7,31.7,5.43,26.27
100452,2025-09-26,Complete,500814,TOY-4300,5,198.21,991.05,68.6,922.45
100453,2026-01-26,Processing,500815,HME-6582,4,320.11,1280.44,0.0,1280.44
100454,2026-02-27,Complete,500816,HME-6301,2,403.35,806.7,164.53,642.17
100455,2025-07-16,Complete,500817,ELC-1359,2,412.68,825.36,94.29,731.07
100456,2025-11-24,Pending,500818,HME-3320,1,238.99,238.99,0.0,238.99
100456,2025-11-24,Pending,500819,CLT-9622,1,302.51,302.51,0.0,302.51
100457,2026-01-07,Complete,500820,TOY-2188,1,49.53,49.53,0.0,49.53
100457,2026-01-07,Complete,500821,TOY-7481,4,135.96,543.84,0.0,543.84
100458,2025-05-27,Refunded,500822,GDN-2655,1,189.18,189.18,0.0,189.18
100458,2025-05-27,Refunded,500823,TOY-5944,1,306.85,306.85,0.0,306.85
100459,2025-07-11,Complete,500824,TOY-3235,1,363.89,363.89,89.38,274.51
100459,2025-07-11,Complete,500825,HME-8157,2,465.75,931.5,88.68,842.82
100460,2025-11-06,Processing,500826,AUT-6198,5,203.91,1019.55,0.0,1019.55
100461,2026-02-04,Processing,500827,HME-6846,1,330.14,330.14,97.73,232.41
100462,2025-07-23,Refunded,500828,SPT-3872,1,147.51,147.51,0.0,147.51
100463,2025-11-05,Processing,500829,FDB-6026,3,481.97,1445.91,0.0,1445.91
100464,2025-07-23,Complete,500830,BKS-3086,2,34.38,68.76,0.0,68.76
100465,2026-02-19,Processing,500831,HME-1029,1,388.15,388.15,0.0,388.15
100465,2026-02-19,Processing,500832,GDN-7415,2,92.57,185.14,0.0,185.14
100466,2025-03-19,Processing,500833,GDN-1530,1,250.21,250.21,0.0,250.21
100467,2025-11-08,Refunded,500834,HME-6213,1,11.28,11.28,0.0,11.28
100468,2025-08-09,Complete,500835,GDN-4619,2,426.17,852.34,0.0,852.34
100468,2025-08-09,Complete,500836,GDN-2705,2,465.78,931.56,0.0,931.56
100469,2026-02-24,Complete,500837,AUT-3304,5,261.96,1309.8,254.68,1055.12
100469,2026-02-24,Complete,500838,TOY-2274,1,102.19,102.19,0.0,102.19
100470,2025-12-19,Shipped,500839,SPT-6682,2,393.27,786.54,91.32,695.22
100471,2025-06-03,Complete,500840,TOY-3750,2,258.2,516.4,0.0,516.4
100472,2025-04-21,Pending,500841,CLT-6500,1,351.02,351.02,58.27,292.75
100472,2025-04-21,Pending,500842,AUT-1186,3,309.89,929.67,0.0,929.67
100473,2025-10-27,Processing,500843,BKS-4435,1,338.96,338.96,0.0,338.96
100474,2025-09-07,Shipped,500844,SPT-2110,5,183.7,918.5,0.0,918.5
100475,2026-01-09,Pending,500845,TOY-5205,1,329.57,329.57,0.0,329.57
100476,2025-08-15,Complete,500846,CLT-1020,2,487.96,975.92,215.56,760.36
100476,2025-08-15,Complete,500847,ELC-7323,1,48.89,48.89,0.0,48.89
100476,2025-08-15,Complete,500848,AUT-7875,6,142.3,853.8,155.91,697.89
100477,2026-02-05,Complete,500849,HME-7783,2,203.31,406.62,0.0,406.62
100477,2026-02-05,Complete,500850,AUT-7204,2,336.8,673.6,167.95,505.65
100478,2025-10-18,Processing,500851,TOY-9946,1,206.28,206.28,0.0,206.28
100478,2025-10-18,Processing,500852,FDB-2661,3,104.94,314.82,57.47,257.35
100479,2026-03-03,Shipped,500853,AUT-4695,1,13.58,13.58,0.0,13.58
100479,2026-03-03,Shipped,500854,HME-8393,4,353.58,1414.32,258.57,1155.75
100479,2026-03-03,Shipped,500855,CLT-1547,1,460.06,460.06,0.0,460.06
100480,2025-07-21,Complete,500856,BKS-1328,1,277.49,277.49,0.0,277.49
100480,2025-07-21,Complete,500857,TOY-5278,1,364.7,364.7,0.0,364.7
100481,2025-11-03,Shipped,500858,CLT-2215,2,282.19,564.38,0.0,564.38
100482,2025-08-16,Processing,500859,TOY-3787,2,293.96,587.92,69.13,518.79
100483,2025-06-24,Pending,500860,FDB-3636,1,177.64,177.64,0.0,177.64
100484,2025-09-27,Processing,500861,CLT-9962,3,408.85,1226.55,240.46,986.09
100484,2025-09-27,Processing,500862,CLT-6536,2,117.78,235.56,0.0,235.56
100485,2025-11-17,Shipped,500863,GDN-8909,2,481.74,963.48,0.0,963.48
100485,2025-11-17,Shipped,500864,ELC-8066,2,230.64,461.28,100.55,360.73
100485,2025-11-17,Shipped,500865,HME-8113,2,205.54,411.08,0.0,411.08
100486,2025-05-08,Complete,500866,HME-1877,2,8.29,16.58,0.0,16.58
100486,2025-05-08,Complete,500867,CLT-6424,1,92.46,92.46,0.0,92.46
100486,2025-05-08,Complete,500868,SPT-4112,1,256.07,256.07,0.0,256.07
100486,2025-05-08,Complete,500869,FDB-9849,4,281.95,1127.8,59.37,1068.43
100487,2025-07-14,Shipped,500870,BKS-5612,5,254.56,1272.8,85.26,1187.54
100488,2025-09-26,Processing,500871,BKS-4891,1,173.93,173.93,0.0,173.93
100488,2025-09-26,Processing,500872,CLT-1813,1,63.79,63.79,0.0,63.79
100489,2026-01-01,Complete,500873,FDB-9043,2,259.55,519.1,0.0,519.1
100489,2026-01-01,Complete,500874,HME-1893,2,133.29,266.58,0.0,266.58
100490,2025-09-14,Complete,500875,TOY-1062,1,271.71,271.71,0.0,271.71
100490,2025-09-14,Complete,500876,FDB-2435,1,397.92,397.92,23.28,374.64
100491,2026-01-03,Complete,500877,BKS-8869,3,129.56,388.68,0.0,388.68
100492,2025-08-13,Complete,500878,SPT-2589,3,224.72,674.16,133.84,540.32
100493,2026-03-08,Canceled,500879,ELC-4390,1,192.27,192.27,0.0,192.27
100494,2025-08-13,Processing,500880,HME-5781,1,244.9,244.9,48.94,195.96
100495,2025-03-26,Refunded,500881,CLT-8758,1,126.17,126.17,36.52,89.65
100496,2026-02-15,Processing,500882,CLT-6052,3,173.78,521.34,104.88,416.46
100496,2026-02-15,Processing,500883,FDB-8715,1,389.14,389.14,0.0,389.14
100497,2025-10-03,Complete,500884,AUT-5341,1,342.7,342.7,0.0,342.7
100498,2025-08-02,Shipped,500885,CLT-9914,3,448.87,1346.61,0.0,1346.61
100499,2025-03-19,Complete,500886,FDB-4029,1,431.83,431.83,0.0,431.83
100500,2025-12-29,Complete,500887,TOY-7249,3,244.08,732.24,56.9,675.34
100501,2026-03-01,Shipped,500888,TOY-4056,1,133.35,133.35,16.49,116.86
100501,2026-03-01,Shipped,500889,AUT-1731,1,195.03,195.03,0.0,195.03
100502,2025-04-09,Shipped,500890,BKS-8204,1,395.59,395.59,64.62,330.97
100503,2026-01-19,Complete,500891,AUT-5315,3,114.86,344.58,0.0,344.58
100504,2025-11-24,Complete,500892,SPT-5400,4,352.37,1409.48,0.0,1409.48
100504,2025-11-24,Complete,500893,GDN-2009,4,401.27,1605.08,0.0,1605.08
100505,2025-08-08,Complete,500894,HME-2584,1,209.73,209.73,0.0,209.73
100506,2025-07-10,Shipped,500895,CLT-6632,3,180.42,541.26,0.0,541.26
100506,2025-07-10,Shipped,500896,HLT-7782,1,270.6,270.6,66.35,204.25
100507,2026-01-19,Pending,500897,GDN-4727,1,352.19,352.19,23.1,329.09
100508,2025-09-11,Shipped,500898,HLT-1999,4,136.08,544.32,0.0,544.32
100509,2025-07-05,Complete,500899,FDB-9561,1,147.91,147.91,0.0,147.91
100510,2026-02-03,Refunded,500900,FDB-9773,1,203.06,203.06,51.41,151.65
100511,2025-06-20,Processing,500901,AUT-4860,1,375.89,375.89,25.32,350.57
100512,2026-01-26,Processing,500902,AUT-5896,1,174.93,174.93,0.0,174.93
100513,2025-07-21,Canceled,500903,CLT-7468,1,279.94,279.94,41.48,238.46
100513,2025-07-21,Canceled,500904,ELC-9226,2,94.16,188.32,0.0,188.32
100514,2026-02-25,Processing,500905,GDN-9467,2,161.04,322.08,59.64,262.44
100515,2026-02-15,Shipped,500906,GDN-3415,4,113.96,455.84,0.0,455.84
100515,2026-02-15,Shipped,500907,CLT-8357,4,289.4,1157.6,0.0,1157.6
100516,2026-02-26,Pending,500908,HME-3738,1,96.29,96.29,15.44,80.85
100516,2026-02-26,Pending,500909,SPT-4157,1,374.59,374.59,21.99,352.6
100516,2026-02-26,Pending,500910,HME-1699,1,465.54,465.54,107.95,357.59
100517,2025-05-24,Complete,500911,FDB-2283,2,99.93,199.86,0.0,199.86
100518,2026-01-30,Processing,500912,FDB-4308,1,370.12,370.12,64.56,305.56
100519,2025-05-03,Shipped,500913,HME-5225,2,122.01,244.02,0.0,244.02
100520,2026-01-30,Processing,500914,TOY-2097,2,125.57,251.14,14.93,236.21
100520,2026-01-30,Processing,500915,CLT-7358,2,137.1,274.2,0.0,274.2
100521,2026-02-08,Complete,500916,HLT-7510,2,119.22,238.44,31.58,206.86
100521,2026-02-08,Complete,500917,HLT-6343,1,418.45,418.45,0.0,418.45
100521,2026-02-08,Complete,500918,BKS-9514,5,419.14,2095.7,475.52,1620.18
100521,2026-02-08,Complete,500919,AUT-1202,3,181.87,545.61,0.0,545.61
100522,2025-04-04,Complete,500920,GDN-9561,1,390.79,390.79,0.0,390.79
100523,2025-08-20,Pending,500921,FDB-2843,4,65.21,260.84,0.0,260.84
100523,2025-08-20,Pending,500922,FDB-3451,2,44.76,89.52,0.0,89.52
100524,2025-10-26,Complete,500923,HME-2641,4,478.15,1912.6,0.0,1912.6
100524,2025-10-26,Complete,500924,CLT-2654,3,249.37,748.11,79.65,668.46
100525,2025-04-01,Processing,500925,BKS-9775,2,9.26,18.52,0.0,18.52
100525,2025-04-01,Processing,500926,TOY-7732,1,429.39,429.39,0.0,429.39
100526,2026-01-05,Complete,500927,BKS-7275,1,479.24,479.24,0.0,479.24
100526,2026-01-05,Complete,500928,AUT-8750,2,424.91,849.82,156.22,693.6
100527,2025-09-17,Pending,500929,ELC-3821,2,189.36,378.72,0.0,378.72
100527,2025-09-17,Pending,500930,BKS-7602,1,161.81,161.81,20.34,141.47
100527,2025-09-17,Pending,500931,HME-7581,1,449.66,449.66,134.56,315.1
100528,2025-05-21,Complete,500932,ELC-7484,4,441.2,1764.8,0.0,1764.8
100529,2025-04-30,Complete,500933,TOY-4892,6,289.8,1738.8,0.0,1738.8
100530,2025-08-13,Shipped,500934,ELC-8785,2,141.71,283.42,0.0,283.42
100531,2025-08-29,Complete,500935,BKS-7102,1,96.33,96.33,25.07,71.26
100532,2025-10-13,Refunded,500936,ELC-6535,1,383.54,383.54,0.0,383.54
100532,2025-10-13,Refunded,500937,BKS-6094,1,258.49,258.49,26.05,232.44
100533,2025-06-12,Complete,500938,BKS-9054,5,202.54,1012.7,0.0,1012.7
100533,2025-06-12,Complete,500939,CLT-4734,1,376.57,376.57,0.0,376.57
100534,2025-06-25,Refunded,500940,HME-5923,2,69.34,138.68,0.0,138.68
100535,2025-05-21,Canceled,500941,AUT-6257,1,265.7,265.7,39.2,226.5
100535,2025-05-21,Canceled,500942,BKS-7828,2,215.04,430.08,95.57,334.51
100536,2025-12-16,Complete,500943,GDN-2462,3,470.18,1410.54,0.0,1410.54
100536,2025-12-16,Complete,500944,SPT-8237,4,22.08,88.32,0.0,88.32
100537,2025-09-18,Processing,500945,SPT-7671,1,177.55,177.55,0.0,177.55
100538,2025-12-11,Complete,500946,AUT-9462,1,431.03,431.03,25.4,405.63
100538,2025-12-11,Complete,500947,TOY-1920,1,389.29,389.29,116.44,272.85
100539,2025-11-26,Shipped,500948,HLT-3604,5,231.84,1159.2,170.62,988.58
100539,2025-11-26,Shipped,500949,CLT-6097,4,65.45,261.8,0.0,261.8
100540,2025-08-01,Pending,500950,HLT-7609,2,261.98,523.96,0.0,523.96
100541,2025-06-07,Canceled,500951,HME-9589,2,161.92,323.84,0.0,323.84
100541,2025-06-07,Canceled,500952,GDN-1474,3,10.15,30.45,0.0,30.45
100541,2025-06-07,Canceled,500953,HME-4158,1,339.0,339.0,0.0,339.0
100542,2025-07-24,Complete,500954,SPT-1944,5,193.43,967.15,0.0,967.15
100542,2025-07-24,Complete,500955,SPT-1541,2,55.76,111.52,15.04,96.48
100542,2025-07-24,Complete,500956,AUT-1828,1,184.62,184.62,42.51,142.11
100542,2025-07-24,Complete,500957,TOY-4262,2,431.74,863.48,0.0,863.48
100543,2025-11-16,Processing,500958,BKS-7035,1,98.44,98.44,21.01,77.43
100544,2025-08-13,Shipped,500959,AUT-9275,1,135.84,135.84,0.0,135.84
100545,2025-09-04,Complete,500960,FDB-3029,3,139.08,417.24,0.0,417.24
100546,2025-05-12,Complete,500961,ELC-4963,1,479.5,479.5,0.0,479.5
100546,2025-05-12,Complete,500962,TOY-9008,2,175.48,350.96,0.0,350.96
100547,2025-11-09,Shipped,500963,GDN-8308,1,96.84,96.84,0.0,96.84
100547,2025-11-09,Shipped,500964,HME-8775,1,215.42,215.42,14.65,200.77
100547,2025-11-09,Shipped,500965,GDN-6730,1,213.02,213.02,0.0,213.02
100547,2025-11-09,Shipped,500966,TOY-3679,1,377.57,377.57,0.0,377.57
100548,2025-04-22,Complete,500967,BKS-2480,3,186.34,559.02,154.73,404.29
100549,2025-05-26,Complete,500968,BKS-1449,1,203.88,203.88,0.0,203.88
100549,2025-05-26,Complete,500969,FDB-1813,2,228.65,457.3,97.04,360.26
100550,2025-07-08,Processing,500970,HME-4511,2,288.27,576.54,120.02,456.52
100551,2026-02-24,Processing,500971,SPT-4688,3,489.75,1469.25,0.0,1469.25
100551,2026-02-24,Processing,500972,SPT-5408,5,344.88,1724.4,0.0,1724.4
100552,2026-02-23,Pending,500973,FDB-9409,3,408.2,1224.6,248.36,976.24
100552,2026-02-23,Pending,500974,ELC-1145,1,362.07,362.07,0.0,362.07
100553,2025-10-04,Canceled,500975,AUT-3167,1,403.21,403.21,102.56,300.65
100554,2025-12-25,Complete,500976,HME-1138,1,280.33,280.33,55.71,224.62
100554,2025-12-25,Complete,500977,SPT-5135,2,429.01,858.02,0.0,858.02
100555,2025-09-18,Shipped,500978,GDN-6004,1,102.85,102.85,10.35,92.5
100555,2025-09-18,Shipped,500979,BKS-7943,2,401.21,802.42,207.81,594.61
100555,2025-09-18,Shipped,500980,FDB-6713,2,370.83,741.66,0.0,741.66
100556,2025-04-30,Processing,500981,AUT-5128,1,239.65,239.65,0.0,239.65
100556,2025-04-30,Processing,500982,SPT-8646,3,10.8,32.4,7.16,25.24
100557,2025-10-03,Processing,500983,BKS-9530,1,214.22,214.22,0.0,214.22
100558,2025-03-22,Complete,500984,GDN-7506,1,72.42,72.42,21.09,51.33
100558,2025-03-22,Complete,500985,GDN-2676,3,447.27,1341.81,82.38,1259.43
100558,2025-03-22,Complete,500986,ELC-9380,2,317.53,635.06,41.79,593.27
100558,2025-03-22,Complete,500987,TOY-5631,3,269.78,809.34,193.75,615.59
100559,2025-07-28,Processing,500988,BKS-2771,2,161.96,323.92,46.15,277.77
100559,2025-07-28,Processing,500989,AUT-2045,1,246.38,246.38,27.33,219.05
100560,2025-12-14,Complete,500990,TOY-5529,4,129.97,519.88,0.0,519.88
100561,2025-05-17,Complete,500991,TOY-5536,3,430.09,1290.27,319.68,970.59
100562,2025-11-02,Pending,500992,BKS-5895,3,29.56,88.68,0.0,88.68
100563,2025-09-19,Processing,500993,SPT-3456,1,54.88,54.88,0.0,54.88
100563,2025-09-19,Processing,500994,HLT-4937,2,86.68,173.36,46.79,126.57
100564,2026-02-22,Complete,500995,ELC-7620,1,112.43,112.43,5.82,106.61
100565,2026-02-22,Processing,500996,TOY-3292,1,131.61,131.61,0.0,131.61
100565,2026-02-22,Processing,500997,ELC-9148,5,420.44,2102.2,0.0,2102.2
100565,2026-02-22,Processing,500998,BKS-5250,1,53.56,53.56,0.0,53.56
100566,2025-07-27,Complete,500999,FDB-7628,5,373.82,1869.1,417.51,1451.59
100566,2025-07-27,Complete,501000,FDB-1578,2,134.32,268.64,0.0,268.64
